"ID","FEMALE","MALE","ETHBLACK","ETHHISP","ETHWHITE","AGE","S","EDUCPROF","EDUCPHD","EDUCMAST","EDUCBA","EDUCAA","EDUCHSD","EDUCDO","SINGLE","MARRIED","DIVORCED","FAITHN","FAITHP","FAITHC","FAITHJ","FAITHO","ASVAB01","ASVAB02","ASVAB03","ASVAB04","ASVAB05","ASVAB06","ASVABC","HEIGHT","WEIGHT85","WEIGHT02","SM","SF","SIBLINGS","LIBRARY","POV78","EXP","EARNINGS","HOURS","TENURE","COLLBARG","CATGOV","CATPRI","CATSE","URBAN","REGNE","REGNC","REGW","REGS"
5531,0,1,0,0,1,45,12,0,0,0,0,0,1,0,0,1,0,0,1,0,0,0,58,64,52,56,54,56,60.8998527526855,67,160,200,8,8,11,0,0,22.384614944458,53.4099998474121,45,2.75,0,0,1,0,0,0,0,0,1
2658,0,1,0,1,0,40,12,0,0,0,0,0,0,1,0,0,1,1,0,0,0,0,32,39,29,29,27,22,33.6378974914551,67,185,205,5,5,3,0,1,8.90384578704834,8,40,2.38461542129517,0,0,1,0,0,0,0,0,1
5365,0,1,0,0,1,38,15,0,0,0,0,1,0,0,0,0,1,0,0,0,0,1,42,40,37,38,42,45,38.8176689147949,69,135,185,11,12,3,1,0,13.25,24,40,5.75,1,0,1,0,1,0,1,0,0
4468,0,1,0,0,1,43,13,0,0,0,0,0,1,0,0,1,0,0,1,0,0,0,66,55,59,53,51,52,57.083179473877,72,200,250,12,16,2,1,0,18.25,29.5,40,6.13461542129517,1,0,1,0,1,0,0,1,0
3142,0,1,0,0,1,38,18,0,0,1,0,0,0,0,0,1,0,0,1,0,0,0,64,65,61,62,47,34,65.5343856811523,76,185,220,16,20,1,1,0,13.7692308425903,32.0499992370605,54,0.826923072338104,0,1,0,0,1,1,0,0,0
2170,0,1,1,0,0,39,16,0,0,0,0,0,0,0,0,1,0,0,1,0,0,0,62,53,51,59,58,45,55.4474639892578,69,180,215,12,12,2,0,0,11.692307472229,14.7299995422363,40,4.28846168518066,0,0,1,0,1,0,0,0,1
2344,0,1,0,0,1,40,14,0,0,0,0,1,0,0,1,0,0,0,1,0,0,0,50,32,44,38,33,29,36.3640937805176,65,150,145,12,12,1,1,0,19.480770111084,13,48,0.769230782985687,0,0,1,0,1,0,0,0,1
4583,0,1,0,0,1,37,12,0,0,0,0,0,1,0,1,0,0,0,1,0,0,0,56,62,52,44,41,47,56.5379409790039,69,125,140,8,13,10,1,0,15.2307691574097,11.25,40,5.1538462638855,0,0,1,0,1,0,0,1,0
2517,0,1,0,0,1,39,12,0,0,0,0,0,1,0,0,1,0,0,1,0,0,0,60,59,55,62,58,46,60.6272354125977,72,195,240,12,12,3,1,NA,14.365385055542,18.0100002288818,40,1.57692313194275,1,1,0,0,1,0,1,0,0
3563,0,1,0,0,1,42,12,0,0,0,0,0,1,0,0,1,0,0,1,0,0,0,46,57,28,32,47,46,43.9974403381348,70,180,210,10,8,9,1,0,22.0384616851807,11.7799997329712,40,0.230769231915474,1,0,1,0,1,0,1,0,0
5419,0,1,0,0,1,41,17,0,0,0,1,0,0,0,0,1,0,0,1,0,0,0,62,64,56,59,58,58,62.8081893920898,73,170,195,12,12,3,1,0,16.384614944458,27.2999992370605,50,5.442307472229,0,0,1,0,1,0,1,0,0
1420,0,1,0,0,1,39,8,0,0,0,0,0,0,1,1,0,0,1,0,0,0,0,52,46,51,53,49,44,49.9950714111328,75,175,190,12,12,2,1,1,18.884614944458,16,40,0.788461565971375,0,0,1,0,0,0,0,0,1
2291,0,1,0,0,1,37,16,0,0,0,1,0,0,0,0,1,0,0,0,1,0,0,64,66,56,59,62,57,63.8986701965332,74,180,205,17,16,1,1,0,16.0769233703613,29.4500007629395,47,7.307692527771,0,0,1,0,0,0,0,0,1
4831,0,1,0,0,1,37,18,0,0,1,0,0,0,0,1,0,0,0,0,1,0,0,54,61,59,62,44,45,62.8081893920898,70,140,150,13,16,4,0,0,13.2884616851807,23.0699996948242,40,1.11538457870483,0,1,0,0,1,0,1,0,0
2893,0,1,0,0,1,42,19,0,0,1,0,0,0,0,0,1,0,1,0,0,0,0,68,66,61,59,60,59,65.2617645263672,67,120,150,16,17,1,1,0,17.3076915740967,55.0499992370605,51,14.2115383148193,0,0,1,0,0,1,0,0,0
2998,0,1,0,0,1,41,12,0,0,0,0,0,1,0,0,1,0,0,0,1,0,0,56,50,59,53,41,44,54.3569831848145,70,175,222,11,9,4,1,0,22.4038467407227,12.3000001907349,50,4.67307710647583,0,0,1,0,1,0,0,0,1
3887,0,1,0,0,1,40,20,1,0,0,0,0,0,0,0,1,0,0,1,0,0,0,68,66,61,62,62,60,66.0796279907227,75,205,280,14,17,2,1,0,10.865385055542,109.610000610352,50,0.0384615398943424,1,0,1,0,0,0,1,0,0
39,0,1,0,0,1,43,12,0,0,0,0,0,1,0,0,1,0,0,1,0,0,0,50,47,46,47,52,31,47.5414962768555,72,180,195,12,12,4,1,0,22.5769233703613,28.8400001525879,50,17.5576915740967,0,0,1,0,1,0,0,0,1
520,0,1,1,0,0,44,16,0,0,0,1,0,0,0,0,1,0,0,1,0,0,0,40,40,46,41,44,50,42.0891036987305,71,185,225,12,8,7,1,0,20.2884616851807,17.6200008392334,60,0.692307710647583,0,0,1,0,1,0,1,0,0
674,0,1,1,0,0,41,12,0,0,0,0,0,1,0,0,1,0,0,1,0,0,0,42,34,30,32,31,38,32.0021781921387,69,165,215,10,11,6,1,0,18.5576915740967,14.1599998474121,60,2.03846144676208,0,0,1,0,1,0,1,0,0
11809,0,1,0,0,1,38,16,0,0,0,1,0,0,0,1,0,0,0,1,0,0,0,50,58,54,44,59,48,54.9022216796875,74,175,242,12,12,1,1,0,15.1538457870483,21.8700008392334,40,2.13461542129517,0,0,1,0,1,0,0,0,1
2090,0,1,0,0,1,38,12,0,0,0,0,0,0,1,0,0,1,0,0,1,0,0,42,42,35,32,49,43,37.7271919250488,67,140,160,12,12,6,1,0,16.5,11.3500003814697,36,1.65384614467621,0,0,1,0,1,0,1,0,0
1560,0,1,0,0,1,41,12,0,0,0,0,0,1,0,0,1,0,0,1,0,0,0,46,50,41,44,43,41,46.9962539672852,64,155,195,12,18,1,1,0,13.884614944458,11.4200000762939,35,0.75,0,0,1,0,1,0,0,1,0
547,0,1,0,0,1,44,11,0,0,0,0,0,0,1,0,1,0,0,1,0,0,0,42,50,48,56,41,35,52.1760292053223,69,230,225,9,16,5,1,0,21.5769233703613,21.7299995422363,50,1.71153843402863,0,0,1,0,0,0,1,0,0
2106,0,1,0,0,1,43,12,0,0,0,0,0,1,0,0,1,0,0,1,0,0,0,46,58,48,47,60,56,54.0843658447266,74,245,225,12,12,1,0,0,22.6923084259033,16,58,23.519229888916,1,0,1,0,0,0,1,0,0
4360,0,1,0,0,1,45,16,0,0,0,1,0,0,0,0,1,0,0,0,1,0,0,60,59,55,62,60,46,60.6272354125977,80,225,238,10,8,3,1,1,19.4423084259033,28.2000007629395,45,15.2307691574097,0,0,1,0,1,0,0,0,1
3390,0,1,1,0,0,42,20,0,0,0,0,0,0,0,0,1,0,0,0,0,0,1,64,66,57,53,62,65,62.535572052002,69,185,240,17,17,2,1,0,16.384614944458,30.5499992370605,45,2.69230771064758,0,0,1,0,1,0,1,0,0
5024,0,1,0,0,1,44,12,0,0,0,0,0,1,0,0,1,0,0,0,1,0,0,56,50,50,50,52,46,51.0855484008789,71,169,220,18,14,4,1,0,23.1538467407227,15.3400001525879,50,12.615385055542,0,0,0,1,1,0,0,0,1
3493,0,1,0,0,1,44,12,0,0,0,0,0,1,0,0,1,0,0,0,1,0,0,62,58,56,53,47,51,57.9010391235352,70,200,300,10,10,3,1,0,20.384614944458,14,40,3.94230771064758,0,0,1,0,1,0,0,0,1
5470,0,1,0,0,1,40,12,0,0,0,0,0,1,0,1,0,0,0,0,0,0,1,42,50,41,59,56,50,51.0855484008789,66,130,165,5,6,10,0,1,19.230770111084,15,40,10.0769233703613,0,0,1,0,1,0,0,0,1
4840,0,1,0,0,1,39,15,0,0,0,0,1,0,0,1,0,0,0,1,0,0,0,54,62,55,53,57,57,59.8093757629395,71,240,240,12,10,2,0,0,13.2307691574097,8.60999965667725,40,1.42307686805725,0,0,1,0,0,0,1,0,0
1961,0,1,0,0,1,44,12,0,0,0,0,0,1,0,0,1,0,0,1,0,0,0,66,55,54,50,58,57,54.9022216796875,71,175,190,12,17,5,0,0,23.384614944458,21.5,40,8.32692337036133,0,0,1,0,1,1,0,0,0
2391,0,1,0,0,1,44,12,0,0,0,0,0,1,0,0,1,0,0,1,0,0,0,60,47,52,53,42,35,50.812931060791,72,220,300,12,12,3,1,0,16.9038467407227,7.5,40,2.0961537361145,0,0,1,0,1,0,0,1,0
4470,0,1,0,0,1,39,18,0,0,1,0,0,0,0,0,1,0,0,0,1,0,0,56,49,56,53,57,49,52.9938850402832,72,180,190,12,15,2,1,0,7.01923084259033,21.9200000762939,50,4.28846168518066,0,1,0,0,1,0,1,0,0
3195,0,1,0,0,1,42,12,0,0,0,0,0,1,0,0,1,0,0,0,1,0,0,48,64,50,53,51,58,59.5367546081543,65,160,182,12,12,2,1,0,22.5576915740967,14.1000003814697,50,16.9615383148193,1,0,1,0,1,1,0,0,0
1386,0,1,1,0,0,41,12,0,0,0,0,0,1,0,0,1,0,0,1,0,0,0,40,39,43,44,52,42,41.5438652038574,68,155,175,14,12,4,1,1,9.61538505554199,15.75,47,8.98076915740967,0,0,1,0,0,0,0,0,1
3706,0,1,0,0,1,45,13,0,0,0,0,0,1,0,0,1,0,0,1,0,0,0,54,53,56,50,50,40,54.3569831848145,72,170,235,12,12,4,1,0,23,20.1900005340576,50,1.76923072338104,0,0,1,0,1,0,0,1,0
1055,0,1,0,0,1,42,16,0,0,0,1,0,0,0,0,1,0,0,1,0,0,0,58,62,56,56,62,62,60.8998527526855,72,175,180,12,16,1,1,0,18.0384616851807,8.30000019073486,14,1.73076927661896,0,1,0,0,1,0,1,0,0
2595,0,1,0,0,1,42,12,0,0,0,0,0,1,0,0,1,0,1,0,0,0,0,42,42,37,41,44,45,40.7260055541992,65,145,165,12,12,1,0,NA,20.634614944458,9.60999965667725,40,1.13461542129517,0,0,1,0,2,0,0,0,1
3420,0,1,0,0,1,43,14,0,0,0,0,0,1,0,1,0,0,0,0,1,0,0,56,59,59,53,43,39,59.2641372680664,72,200,230,16,14,2,1,0,21.480770111084,26.4400005340576,40,3.82692313194275,0,0,1,0,1,0,0,1,0
3059,0,1,0,0,1,45,12,0,0,0,0,0,1,0,0,0,1,0,0,1,0,0,54,36,44,50,46,47,41.8164825439453,71,190,210,12,12,5,0,0,23.0384616851807,21.3899993896484,40,7.5961537361145,1,0,1,0,0,1,0,0,0
5579,0,1,0,0,1,40,12,0,0,0,0,0,1,0,0,1,0,0,1,0,0,0,44,54,44,56,60,49,53.2665061950684,72,245,280,10,12,3,0,0,22.2884616851807,41.25,40,7.692307472229,0,0,1,0,1,0,0,0,1
5197,0,1,0,0,1,39,17,0,0,0,0,0,1,0,0,1,0,0,0,0,0,1,56,49,57,56,56,54,54.0843658447266,65,125,155,12,16,1,1,1,11.2692308425903,25,60,10.365385055542,1,1,0,0,1,0,0,1,0
3468,0,1,0,0,1,43,15,0,0,0,0,1,0,0,0,1,0,0,0,1,0,0,58,64,60,62,52,56,64.7165298461914,72,175,195,12,12,2,1,0,20.480770111084,19.3500003814697,40,9.03846168518066,0,0,1,0,1,0,0,1,0
1099,0,1,0,0,1,42,14,0,0,0,0,1,0,0,0,1,0,0,0,1,0,0,48,59,57,53,37,47,58.7188987731934,73,172,210,16,16,4,1,0,15.615385055542,21.3600006103516,45,4,0,0,1,0,1,0,0,0,1
2861,0,1,0,0,1,39,17,0,0,1,0,0,0,0,0,1,0,0,0,0,0,1,68,66,61,59,62,57,65.2617645263672,69,162,190,14,15,1,1,0,15.5,39.8600006103516,55,15.057692527771,0,0,1,0,1,1,0,0,0
342,0,1,0,0,1,39,16,0,0,0,0,0,0,0,0,1,0,0,1,0,0,0,68,65,60,59,54,57,64.4439086914062,70,160,165,12,16,3,1,0,17.230770111084,38.4599990844727,40,8.442307472229,0,0,1,0,0,1,0,0,0
3232,0,1,0,0,1,45,14,0,0,0,0,1,0,0,0,1,0,0,0,0,0,1,54,62,55,47,54,57,58.173656463623,67,185,220,12,8,4,0,0,21.0384616851807,12.5,40,1.03846156597137,0,1,0,0,0,1,0,0,0
5395,0,1,0,0,1,38,17,0,0,0,1,0,0,0,0,1,0,0,1,0,0,0,50,55,43,56,56,48,53.5391273498535,76,180,185,12,12,2,1,0,14.5961542129517,10,45,1.69230771064758,0,0,1,0,0,0,1,0,0
2178,0,1,0,0,1,38,16,0,0,0,0,0,1,0,0,0,1,0,0,0,0,1,54,53,54,59,62,47,56.2653198242188,75,202,250,12,16,3,1,0,11.9230766296387,19.2299995422363,40,0.326923072338104,0,1,0,0,0,0,0,0,1
1239,0,1,0,0,1,41,13,0,0,0,0,0,1,0,0,1,0,0,0,0,0,1,50,43,51,56,38,42,49.1772117614746,63,322,168,12,12,1,0,NA,17.730770111084,18.75,45,10.75,0,1,0,0,1,0,0,0,1
2116,0,1,0,0,1,41,12,0,0,0,0,0,1,0,0,1,0,0,1,0,0,0,40,35,43,44,41,48,39.362907409668,72,165,190,12,12,5,0,0,20.2115383148193,10,30,1.34615385532379,0,0,1,0,0,0,0,0,1
2633,0,1,0,0,1,39,16,0,0,0,1,0,0,0,0,1,0,0,1,0,0,0,64,66,59,62,62,64,65.5343856811523,72,178,215,12,13,2,1,0,14.6538457870483,29.2399997711182,48,6.48076915740967,0,0,1,0,1,0,1,0,0
776,0,1,0,0,1,41,17,0,0,0,1,0,0,0,0,1,0,0,1,0,0,0,66,64,60,59,62,57,63.8986701965332,69,147,165,12,13,2,1,0,15.4038457870483,59,44,2.28846144676208,0,0,1,0,1,0,1,0,0
5521,0,1,0,0,1,41,12,0,0,0,0,0,1,0,0,1,0,0,0,0,0,1,68,58,54,62,52,38,59.8093757629395,73,180,205,12,6,2,0,0,21.230770111084,10,40,21.9423084259033,0,0,1,0,0,0,0,0,1
2309,0,1,1,0,0,41,12,0,0,0,0,0,1,0,1,0,0,0,1,0,0,0,42,47,39,38,42,37,43.1795806884766,71,180,180,6,6,10,1,1,9.51923084259033,5.15000009536743,36,2.3461537361145,0,0,1,0,1,0,0,0,1
644,0,1,0,0,1,44,20,1,0,0,0,0,0,0,0,1,0,0,1,0,0,0,64,58,61,59,53,48,60.8998527526855,72,175,184,12,14,2,1,0,14.1538457870483,54.4799995422363,60,4.53846168518066,1,0,1,0,1,0,0,1,0
3985,0,1,0,0,1,44,13,0,0,0,0,0,1,0,0,1,0,0,1,0,0,0,44,47,42,50,32,46,47.2688751220703,72,195,210,10,11,5,1,0,20.4230766296387,26.7000007629395,50,4.73076915740967,1,0,1,0,0,0,1,0,0
3712,0,1,0,0,1,40,16,0,0,0,1,0,0,0,0,1,0,0,1,0,0,0,62,55,59,53,56,46,57.083179473877,71,150,175,16,18,4,1,NA,15.7884616851807,19.7999992370605,48,6.13461542129517,0,0,1,0,0,0,1,0,0
4764,0,1,0,0,1,42,12,0,0,0,0,0,0,1,0,1,0,0,1,0,0,0,52,47,48,50,54,48,48.9045944213867,73,170,185,12,12,3,1,0,21.9230766296387,19,50,16.5384616851807,0,0,1,0,1,0,1,0,0
4143,0,1,0,0,1,39,12,0,0,0,0,0,1,0,0,0,1,0,1,0,0,0,58,58,52,50,46,37,55.9927024841309,70,150,190,12,13,2,0,NA,20.4423084259033,16.9099998474121,48,2.01923084259033,1,1,0,0,1,0,0,0,1
1527,0,1,1,0,0,45,12,0,0,0,0,0,1,0,0,1,0,0,1,0,0,0,28,35,28,29,39,31,31.1843204498291,68,143,165,11,10,6,0,0,21.365385055542,12,40,16.615385055542,1,1,0,0,1,0,0,0,1
1002,0,1,1,0,0,39,12,0,0,0,0,0,1,0,1,0,0,0,1,0,0,0,28,35,31,26,36,47,31.1843204498291,67,175,175,10,12,5,0,0,12.1730766296387,6,35,1.32692313194275,0,0,1,0,1,0,1,0,0
4349,0,1,0,0,1,38,10,0,0,0,0,0,0,1,1,0,0,0,1,0,0,0,30,32,31,20,41,31,27.9128856658936,64,135,150,14,12,4,0,0,13.5961542129517,7.5,35,0.5,0,0,1,0,1,0,1,0,0
4688,0,1,0,0,1,42,16,0,0,0,1,0,0,0,0,1,0,0,1,0,0,0,60,65,61,56,59,54,63.8986701965332,75,190,220,16,16,1,1,0,18.980770111084,31.4599990844727,55,16.5769233703613,0,0,1,0,1,0,1,0,0
1963,0,1,0,0,1,41,12,0,0,0,0,0,1,0,0,1,0,0,0,1,0,0,54,55,55,53,62,63,55.9927024841309,69,155,195,12,12,2,1,0,23.0961532592773,19.8700008392334,60,15.615385055542,0,0,1,0,1,1,0,0,0
2314,0,1,0,0,1,45,12,0,0,0,0,0,1,0,0,1,0,0,0,1,0,0,52,59,55,50,62,59,57.3558006286621,68,170,170,10,9,1,1,0,22.8269233703613,20.9400005340576,40,8.78846168518066,0,1,0,0,0,0,0,0,1
4760,0,1,0,0,1,38,17,0,0,0,1,0,0,0,1,0,0,0,1,0,0,0,64,64,60,56,53,49,63.080810546875,73,178,225,14,15,1,1,0,12.7307691574097,18.1900005340576,37,2.38461542129517,0,1,0,0,1,0,1,0,0
2649,0,1,0,1,0,41,18,0,0,0,1,0,0,0,1,0,0,0,0,1,0,0,68,64,60,62,48,38,64.7165298461914,75,271,280,4,14,8,1,1,10.6538457870483,15.3800001144409,40,6.73076915740967,1,1,0,0,1,0,0,0,1
393,0,1,0,0,1,39,13,0,0,0,0,0,1,0,0,1,0,0,0,1,0,0,58,62,56,44,51,50,57.62841796875,72,190,225,11,12,3,1,0,18.384614944458,25,50,3.28846144676208,0,0,1,0,1,1,0,0,0
3140,0,1,0,0,1,43,13,0,0,0,0,0,1,0,0,1,0,0,1,0,0,0,50,46,56,56,57,54,52.1760292053223,72,190,215,12,12,3,1,0,22.6730766296387,29.3199996948242,40,3.5,0,1,0,0,1,0,0,0,1
4443,0,1,0,0,1,42,12,0,0,0,0,0,1,0,0,1,0,0,0,0,0,1,46,39,52,44,28,47,43.9974403381348,76,190,230,14,12,2,1,0,18.8461532592773,8.77000045776367,30,0.25,1,0,1,0,1,0,0,1,0
5398,0,1,0,0,1,39,16,0,0,0,1,0,0,0,0,0,1,0,1,0,0,0,52,58,54,62,52,52,59.8093757629395,73,195,225,8,8,3,1,0,17.884614944458,38.4599990844727,45,7.807692527771,0,0,1,0,1,0,1,0,0
2010,0,1,0,0,1,44,19,0,0,0,1,0,0,0,0,1,0,0,1,0,0,0,62,54,60,59,60,57,58.4462776184082,74,170,180,16,18,1,0,0,17.9615383148193,47,45,3.32692313194275,0,0,1,0,1,0,0,1,0
2614,0,1,0,0,1,42,12,0,0,0,0,0,1,0,0,1,0,0,1,0,0,0,46,49,37,44,36,39,45.360538482666,68,163,170,9,12,3,0,0,3.01923084259033,17.2999992370605,40,3.01923084259033,0,0,1,0,1,1,0,0,0
3495,0,1,0,0,1,45,12,0,0,0,0,0,1,0,0,1,0,0,1,0,0,0,54,53,50,50,48,48,52.7212677001953,66,140,154,9,10,3,1,0,22.730770111084,23.1499996185303,45,15.0961542129517,1,0,1,0,1,0,1,0,0
3484,0,1,0,0,1,37,12,0,0,0,0,0,0,1,1,0,0,0,0,1,0,0,36,34,38,20,37,48,30.9117012023926,65,140,165,5,12,3,0,0,15.4615383148193,11,46,5.36538457870483,0,0,0,1,1,0,1,0,0
3391,0,1,1,0,0,43,17,0,0,0,1,0,0,0,0,1,0,0,0,1,0,0,68,66,61,62,53,60,66.0796279907227,75,195,250,16,18,4,1,0,14.192307472229,27.0400009155273,43,1.44230771064758,0,0,1,0,1,0,1,0,0
1122,0,1,0,1,0,45,16,0,0,0,1,0,0,0,0,1,0,0,0,1,0,0,68,65,61,62,51,54,65.5343856811523,73,220,235,12,17,2,1,0,13.9615383148193,27,55,0.173076927661896,0,0,1,0,0,0,0,0,1
2741,0,1,0,0,1,45,12,0,0,0,0,0,1,0,0,1,0,0,1,0,0,0,50,57,54,50,54,52,55.9927024841309,71,200,240,11,4,2,0,0,22.769229888916,11.3000001907349,40,22.980770111084,0,0,1,0,0,0,0,0,1
1744,0,1,0,0,1,41,13,0,0,0,0,0,1,0,0,0,1,1,0,0,0,0,54,58,57,50,42,28,57.3558006286621,68,185,250,14,12,3,1,0,18.5769233703613,25,40,16.5576915740967,1,0,1,0,1,0,0,1,0
1721,0,1,0,1,0,43,12,0,0,0,0,0,0,1,0,1,0,0,0,1,0,0,36,39,31,32,61,40,35.0009956359863,65,145,175,2,2,10,0,0,23.230770111084,75.5800018310547,40,23.5769233703613,0,0,1,0,1,0,0,1,0
1000,0,1,1,0,0,41,14,0,0,0,0,0,1,0,0,0,1,0,1,0,0,0,58,54,60,56,54,50,57.62841796875,71,190,230,16,12,4,1,1,12.25,25.1200008392334,40,7.17307710647583,1,0,1,0,1,0,1,0,0
1418,0,1,0,1,0,37,12,0,0,0,0,0,1,0,0,1,0,0,0,1,0,0,48,49,46,47,43,29,48.6319732666016,71,245,250,9,12,2,1,0,19.134614944458,12.75,50,7.51923084259033,0,0,1,0,0,0,0,0,1
3595,0,1,0,0,1,41,12,0,0,0,0,0,1,0,0,0,1,0,0,1,0,0,50,57,43,47,62,57,52.1760292053223,75,210,230,12,13,8,1,0,17.3461532592773,24,46,23.5576915740967,0,0,1,0,0,0,1,0,0
3833,0,1,0,0,1,38,12,0,0,0,0,0,1,0,0,0,1,0,1,0,0,0,52,51,48,47,57,54,50.2676887512207,72,175,205,12,12,2,0,0,17.5576915740967,13.3299999237061,45,3.71153855323792,0,0,1,0,1,0,1,0,0
605,0,1,0,0,1,39,12,0,0,0,0,0,1,0,0,0,1,0,0,1,0,0,56,53,50,50,38,57,52.7212677001953,73,200,228,11,12,5,1,0,20.0384616851807,20,48,18.0961532592773,0,0,1,0,1,0,1,0,0
2055,0,1,0,0,1,43,12,0,0,0,0,0,1,0,0,1,0,-3,-3,-3,-3,-3,52,65,56,59,51,36,63.3534317016602,74,262,320,12,12,3,1,0,17.134614944458,11,40,0.442307680845261,0,0,1,0,1,0,1,0,0
4517,0,1,0,0,1,42,16,0,0,0,0,1,0,0,0,1,0,0,0,1,0,0,54,43,54,41,56,44,45.9057769775391,75,200,200,12,12,2,1,0,18.75,35.0200004577637,56,1.28846156597137,0,0,1,0,1,0,0,1,0
3307,0,1,1,0,0,45,15,0,0,0,0,0,0,0,1,0,0,0,1,0,0,0,36,39,37,35,47,41,37.4545707702637,71,192,165,14,15,1,1,0,20.730770111084,9.69999980926514,25,7.807692527771,1,0,1,0,1,1,0,0,0
3037,0,1,0,0,1,43,12,0,0,0,0,0,1,0,0,1,0,0,0,1,0,0,44,58,57,56,57,39,58.9915161132812,72,195,220,12,15,6,1,0,23.1730766296387,24.7800006866455,45,24.384614944458,1,1,0,0,0,1,0,0,0
2477,0,1,0,0,1,37,15,0,0,0,0,0,1,0,1,0,0,0,1,0,0,0,58,43,56,59,55,54,51.3581695556641,71,195,195,18,19,1,1,0,16.6923084259033,17.5,40,8.23076915740967,0,0,1,0,0,0,1,0,0
2613,0,1,0,0,1,43,13,0,0,0,0,0,0,0,0,1,0,0,0,1,0,0,62,65,56,59,52,54,63.3534317016602,69,145,185,10,12,5,0,0,20.8076915740967,20.6800003051758,40,15.3461542129517,0,0,1,0,2,0,0,0,1
1569,0,1,0,0,1,40,16,0,0,0,1,0,0,0,0,1,0,0,0,1,0,0,68,55,60,56,41,37,58.173656463623,74,160,185,12,12,4,0,0,15.5192308425903,23.1700000762939,40,9.98076915740967,1,1,0,0,1,0,0,1,0
4278,0,1,0,0,1,42,12,0,0,0,0,0,1,0,0,1,0,0,0,1,0,0,62,57,57,50,55,63,56.8105621337891,72,225,260,12,12,6,1,0,23.3076915740967,19.4599990844727,40,14.7692308425903,0,0,1,0,1,0,0,0,1
1429,0,1,0,0,1,44,16,0,0,0,1,0,0,0,1,0,0,0,1,0,0,0,48,54,60,59,62,56,58.4462776184082,69,165,200,10,20,3,0,0,16.634614944458,16.8199996948242,40,4.0961537361145,0,0,1,0,1,0,0,0,1
2188,0,1,0,0,1,38,14,0,0,0,0,0,1,0,1,0,0,0,1,0,0,0,36,43,41,38,52,55,41.5438652038574,72,160,200,12,14,1,1,0,16.9230766296387,9.68000030517578,48,13.2692308425903,1,0,1,0,0,0,0,0,1
1058,0,1,1,0,0,38,13,0,0,0,0,0,1,0,1,0,0,0,0,0,0,1,44,40,48,47,53,44,44.2700614929199,72,155,192,13,8,2,1,0,16.2884616851807,13,40,3,0,0,1,0,1,0,1,0,0
2468,0,1,0,0,1,39,16,0,0,0,1,0,0,0,0,0,1,0,0,0,0,1,58,64,54,59,61,58,62.2629508972168,75,210,260,14,16,1,1,NA,18.5,76.9199981689453,50,1.76923072338104,0,0,1,0,1,0,0,1,0
4299,0,1,0,0,1,38,16,0,0,0,1,0,0,0,0,1,0,0,1,0,0,0,54,62,48,56,53,48,58.7188987731934,69,140,155,12,12,3,1,0,13.4038457870483,16.6599998474121,45,0.692307710647583,0,1,0,0,1,0,0,0,1
1333,0,1,0,0,1,43,12,0,0,0,0,0,1,0,1,0,0,0,0,0,0,1,38,31,24,20,21,27,25.4593086242676,64,130,120,8,0,0,0,1,17.3076915740967,5,20,8.51923084259033,0,0,1,0,0,0,0,0,1
4297,0,1,0,0,1,41,13,0,0,0,0,0,1,0,0,1,0,0,0,1,0,0,48,47,56,53,54,57,51.9034080505371,70,170,200,12,18,4,1,0,23.25,26.2199993133545,55,3.80769228935242,0,0,1,0,1,0,0,0,1
3033,0,1,1,0,0,44,18,0,0,0,1,0,0,0,0,1,0,0,1,0,0,0,58,58,60,56,62,56,59.8093757629395,71,163,195,15,12,3,1,0,18.9038467407227,63.4599990844727,50,3.88461542129517,0,0,1,0,1,0,0,0,1
4791,0,1,0,0,1,45,12,0,0,0,0,0,1,0,0,1,0,0,0,1,0,0,48,42,38,41,39,45,40.9986267089844,73,185,205,12,12,6,1,0,23.115385055542,13.9399995803833,40,23.884614944458,0,0,1,0,1,0,1,0,0
2470,0,1,0,0,1,39,12,0,0,0,0,0,1,0,0,1,0,0,1,0,0,0,48,54,51,56,55,54,55.1748428344727,73,180,200,13,10,1,1,0,21.0769233703613,7.69000005722046,60,13.0769233703613,0,0,0,1,0,0,1,0,0
11947,0,1,0,1,0,40,12,0,0,0,0,0,1,0,0,1,0,0,0,1,0,0,24,42,34,35,43,47,38.2724304199219,68,152,190,8,0,12,0,1,19.4038467407227,40.5900001525879,45,3.71153855323792,1,0,1,0,1,0,1,0,0
2666,0,1,0,1,0,38,9,0,0,0,0,0,0,1,0,1,0,0,0,1,0,0,28,34,29,29,36,25,30.9117012023926,66,120,168,8,5,2,1,1,21.4230766296387,6.48000001907349,40,22,0,1,0,0,1,0,0,0,1
4813,0,1,0,0,1,37,14,0,0,0,0,1,0,0,0,1,0,0,0,1,0,0,50,49,55,50,51,31,51.9034080505371,77,160,200,16,16,1,1,0,18.3461532592773,25.9599990844727,40,4.73076915740967,1,0,1,0,0,0,1,0,0
196,0,1,0,0,1,37,18,0,0,1,0,0,0,0,0,1,0,0,0,1,0,0,64,64,56,62,62,61,63.626049041748,72,165,215,20,16,1,1,0,13.9038457870483,57.2599983215332,45,1.38461542129517,0,0,1,0,1,1,0,0,0
3875,0,1,0,0,1,39,16,0,0,0,1,0,0,0,0,1,0,0,1,0,0,0,52,62,55,62,61,59,62.2629508972168,75,170,180,16,15,2,1,0,15.6538457870483,24.6700000762939,53,13.4230766296387,0,0,1,0,1,0,0,0,1
3202,0,1,0,0,1,43,12,0,0,0,0,0,1,0,0,0,1,0,1,0,0,0,52,43,54,50,46,32,48.3593521118164,70,180,220,10,8,4,0,0,21.6730766296387,14.25,40,1,0,0,1,0,1,1,0,0,0
3634,0,1,0,0,1,37,9,0,0,0,0,0,0,1,0,0,1,0,1,0,0,0,40,40,37,23,38,28,34.7283744812012,67,115,140,12,11,4,0,0,16.5,7.21000003814697,40,1.88461542129517,0,0,1,0,1,0,1,0,0
489,0,1,0,0,1,41,14,0,0,0,0,0,1,0,0,1,0,0,1,0,0,0,52,65,54,44,55,57,58.7188987731934,73,175,190,12,18,3,0,0,19.5576915740967,34.1800003051758,45,4.96153831481934,0,0,1,0,1,0,1,0,0
3780,0,1,0,0,1,38,12,0,0,0,0,0,1,0,0,1,0,0,0,1,0,0,48,53,50,50,52,48,52.7212677001953,73,185,225,12,10,1,1,0,15.4807691574097,24.0300006866455,40,11.557692527771,1,0,1,0,1,0,1,0,0
5147,0,1,0,1,0,44,12,0,0,0,0,1,0,0,0,1,0,0,0,1,0,0,46,47,52,59,53,61,52.4486465454102,75,205,238,14,6,3,1,0,22.769229888916,32.0499992370605,45,24.9423084259033,1,0,1,0,1,0,0,1,0
813,0,1,0,0,1,42,20,0,0,1,0,0,0,0,0,1,0,0,0,1,0,0,58,65,59,56,62,57,63.3534317016602,72,165,155,12,13,1,1,0,15.6730766296387,14.0500001907349,40,13.5,0,0,1,0,1,0,1,0,0
868,0,1,0,0,1,41,19,0,0,0,0,0,1,0,0,1,0,0,1,0,0,0,66,65,61,56,50,59,63.8986701965332,71,180,200,15,18,3,1,0,15.2307691574097,16.8199996948242,40,5.557692527771,0,1,0,0,0,0,1,0,0
90,0,1,0,0,1,43,16,0,0,0,1,0,0,0,0,1,0,0,0,1,0,0,56,64,57,56,46,55,62.2629508972168,72,156,165,5,4,2,1,0,21.1538467407227,44.3199996948242,41,2.6538462638855,0,0,1,0,1,1,0,0,0
4313,0,1,1,0,0,38,12,0,0,0,0,0,0,1,0,0,1,0,0,0,0,1,34,38,35,35,41,43,36.3640937805176,71,155,170,11,10,6,0,1,9.07692337036133,7.5,40,0.711538434028625,0,0,1,0,1,0,0,0,1
945,0,1,0,0,1,43,16,0,0,0,1,0,0,0,1,0,0,0,0,1,0,0,50,49,52,59,47,50,53.5391273498535,70,170,168,12,12,1,1,0,21.134614944458,10.6700000762939,60,5.88461542129517,0,1,0,0,1,0,1,0,0
4129,0,1,0,0,1,39,14,0,0,0,0,1,0,0,0,1,0,0,1,0,0,0,50,57,51,50,50,54,55.1748428344727,67,143,175,6,6,4,1,0,15.557692527771,14.210000038147,40,3.46153855323792,0,0,1,0,0,0,0,0,1
1957,0,1,0,0,1,42,12,0,0,0,0,0,1,0,0,1,0,0,1,0,0,0,28,43,34,29,26,37,37.1819496154785,75,164,170,12,12,3,0,0,22.4230766296387,9.36999988555908,16,1.92307686805725,0,0,1,0,1,1,0,0,0
730,0,1,0,0,1,41,15,0,0,0,1,0,0,0,0,1,0,0,0,1,0,0,52,55,52,62,60,59,57.62841796875,72,180,180,12,12,3,1,0,17.5,36.0499992370605,48,6.4038462638855,0,0,1,0,0,0,1,0,0
669,0,1,0,0,1,41,12,0,0,0,0,0,1,0,0,0,1,0,1,0,0,0,46,61,55,59,52,48,60.8998527526855,70,145,150,11,8,4,1,0,19.3269233703613,13.3400001525879,40,13.0192308425903,0,0,1,0,1,0,1,0,0
5402,0,1,0,0,1,43,12,0,0,0,0,0,1,0,0,1,0,0,1,0,0,0,46,36,48,47,52,32,42.0891036987305,72,220,230,12,18,6,0,0,21.5576915740967,19.2299995422363,40,13.7307691574097,1,0,1,0,1,0,1,0,0
2550,0,1,0,0,1,42,16,0,0,0,1,0,0,0,0,1,0,0,1,0,0,0,54,61,51,53,49,51,58.173656463623,70,161,208,12,18,3,0,0,19.5384616851807,15.6599998474121,45,17.884614944458,0,0,1,0,1,0,1,0,0
616,0,1,0,0,1,39,12,0,0,0,0,0,1,0,0,1,0,0,1,0,0,0,42,38,26,32,20,25,33.092658996582,64,130,135,9,9,3,0,0,19.4615383148193,14.5,40,1.82692313194275,0,0,1,0,1,0,1,0,0
2264,0,1,1,0,0,42,12,0,0,0,0,0,1,0,0,0,1,0,1,0,0,0,46,46,43,56,49,42,48.6319732666016,71,230,265,12,10,0,0,0,21.9423084259033,13.6499996185303,40,3.5961537361145,0,0,1,0,0,0,0,0,1
5558,0,1,0,0,1,40,12,0,0,0,0,0,1,0,0,1,0,0,0,0,0,1,32,31,26,23,21,29,26.8224067687988,72,194,220,6,3,3,0,1,20.519229888916,13.8000001907349,60,16.4038467407227,0,0,1,0,0,0,0,0,1
11998,0,1,0,0,1,42,18,0,0,0,1,0,0,0,0,1,0,0,1,0,0,0,68,64,61,56,56,55,63.3534317016602,68,167,190,15,13,1,1,0,9.25,44.1800003051758,40,5.6538462638855,0,0,1,0,0,0,0,0,1
4832,0,1,0,0,1,41,14,0,0,0,0,1,0,0,0,1,0,0,1,0,0,0,58,64,55,53,62,59,60.8998527526855,71,160,175,9,12,2,0,1,18.6730766296387,33.6500015258789,40,20.7115383148193,0,0,1,0,0,0,1,0,0
11945,0,1,0,1,0,37,13,0,0,0,0,1,0,0,0,1,0,0,0,1,0,0,28,35,34,38,42,39,35.2736129760742,66,140,185,3,3,8,0,1,14.2307691574097,15,50,4.73076915740967,0,0,1,0,1,0,0,0,1
3676,0,1,0,0,1,41,16,0,0,0,0,1,0,0,0,1,0,0,0,1,0,0,52,65,56,59,53,54,63.3534317016602,71,155,170,12,16,5,1,0,17.980770111084,26.9200000762939,50,2.05769228935242,0,0,1,0,1,0,1,0,0
11791,0,1,0,0,1,38,16,0,0,0,1,0,0,0,0,1,0,0,1,0,0,0,54,50,52,53,55,54,52.4486465454102,69,140,190,12,8,2,1,0,14.5961542129517,57.689998626709,50,7.98076915740967,0,0,1,0,1,0,1,0,0
18,0,1,0,0,1,44,13,0,0,0,0,0,1,0,0,0,1,0,0,0,0,1,62,66,61,59,62,59,65.2617645263672,66,155,170,12,16,2,1,0,22.0769233703613,113.959999084473,27,15.9230766296387,0,0,1,0,1,0,0,1,0
684,0,1,0,0,1,42,12,0,0,0,0,0,1,0,0,1,0,0,0,1,0,0,44,47,39,44,42,44,44.815299987793,72,260,263,12,12,2,1,0,22.1730766296387,33.2200012207031,42,23.5769233703613,1,0,1,0,1,0,1,0,0
2043,0,1,0,0,1,45,17,0,0,0,1,0,0,0,0,1,0,0,0,1,0,0,60,61,57,62,48,50,62.2629508972168,72,170,175,6,13,11,1,1,18.3269233703613,40.1399993896484,42,12.557692527771,0,1,0,0,0,0,1,0,0
2980,0,1,0,0,1,44,20,0,1,0,0,0,0,0,0,1,0,0,1,0,0,0,68,66,61,59,62,65,65.2617645263672,69,137,165,16,12,1,1,0,16.865385055542,22.1800003051758,50,8.86538505554199,0,0,1,0,0,0,1,0,0
540,0,1,0,0,1,39,12,0,0,0,0,0,1,0,0,1,0,1,0,0,0,0,40,42,35,41,62,47,40.1807670593262,69,175,230,8,8,3,1,0,16.730770111084,16.25,40,0.461538463830948,0,0,1,0,1,0,0,1,0
1081,0,1,0,0,1,40,14,0,0,0,0,1,0,0,1,0,0,1,0,0,0,0,58,51,55,59,48,43,55.4474639892578,69,155,230,16,16,3,1,0,18.2884616851807,15,45,1.40384614467621,0,0,1,0,1,0,0,0,1
3139,0,1,0,0,1,38,16,0,0,0,1,0,0,0,0,1,0,0,0,1,0,0,52,57,55,59,52,50,58.7188987731934,67,150,180,12,10,1,1,0,16.4423084259033,8.88000011444092,45,1.30769228935242,0,0,1,0,1,1,0,0,0
955,0,1,0,0,1,43,12,0,0,0,0,0,1,0,1,0,0,0,1,0,0,0,66,50,56,47,61,54,51.9034080505371,73,175,185,12,12,2,1,0,22.480770111084,16,40,1.96153843402863,0,0,1,0,1,0,1,0,0
2172,0,1,0,0,1,39,14,0,0,0,0,1,0,0,0,1,0,0,1,0,0,0,48,50,44,50,53,43,49.4498329162598,72,205,248,13,9,1,0,0,17,18,47,12.1730766296387,0,0,1,0,0,0,0,0,1
2191,0,1,0,0,1,44,12,0,0,0,0,0,1,0,0,1,0,0,1,0,0,0,56,54,51,47,42,42,52.7212677001953,76,295,400,10,11,1,0,0,22.634614944458,11.3199996948242,45,2.13461542129517,0,0,1,0,1,0,0,0,1
4380,0,1,0,0,1,45,13,0,0,0,0,0,1,0,0,1,0,0,1,0,0,0,52,64,56,62,62,48,63.626049041748,76,210,250,12,20,9,1,0,22.3076915740967,18.5,53,7.26923084259033,0,0,1,0,1,0,0,1,0
4646,0,1,0,0,1,42,12,0,0,0,0,0,1,0,0,1,0,0,1,0,0,0,52,49,44,50,53,54,48.9045944213867,67,170,190,11,10,8,1,0,21.75,25,40,4.21153831481934,1,0,1,0,1,0,0,1,0
4695,0,1,1,0,0,43,16,0,0,0,1,0,0,0,0,1,0,0,1,0,0,0,68,65,61,56,50,47,63.8986701965332,73,205,248,16,16,0,1,0,19.1538467407227,38.4599990844727,40,4.92307710647583,0,0,1,0,1,0,0,0,1
4701,0,1,0,0,1,42,12,0,0,0,0,0,1,0,0,1,0,0,0,1,0,0,54,58,47,53,51,50,55.4474639892578,70,180,210,12,16,2,1,0,22.1730766296387,45.3499984741211,53,3.5,0,0,1,0,0,1,0,0,0
3591,0,1,0,0,1,41,12,0,0,0,0,0,1,0,0,0,1,0,0,1,0,0,50,61,52,59,58,49,60.0819969177246,70,163,185,12,12,6,0,0,22.980770111084,26.8199996948242,38,21.0384616851807,1,0,1,0,1,0,1,0,0
11976,0,1,0,1,0,39,12,0,0,0,0,0,1,0,1,0,0,0,0,1,0,0,32,42,26,38,30,48,36.9093322753906,72,185,282,5,14,6,1,1,21.019229888916,12.3999996185303,35,5.03846168518066,0,1,0,0,1,1,0,0,0
2032,0,1,0,0,1,37,12,0,0,0,0,0,1,0,0,0,1,0,0,0,0,1,36,40,37,41,41,42,39.6355285644531,74,175,300,12,15,2,1,0,19.019229888916,12.8299999237061,47,13.0769233703613,0,0,1,0,1,0,1,0,0
1950,0,1,0,0,1,40,16,0,0,0,1,0,0,0,1,0,0,0,0,1,0,0,62,46,60,50,60,62,51.630786895752,77,235,310,12,16,1,1,0,17.0769233703613,16.1100006103516,45,1.71153843402863,0,0,1,0,1,1,0,0,0
2509,0,1,0,0,1,40,16,0,0,0,1,0,0,0,0,1,0,0,0,1,0,0,58,59,56,59,62,60,60.0819969177246,71,142,220,12,17,3,1,0,18.5576915740967,30,45,11.8269233703613,0,0,1,0,1,0,1,0,0
4303,0,1,0,0,1,38,12,0,0,0,0,0,1,0,0,1,0,0,1,0,0,0,44,57,48,41,43,48,51.9034080505371,72,192,202,12,14,2,1,0,18.8461532592773,15.2299995422363,50,3.96153855323792,0,0,1,0,1,0,0,0,1
3838,0,1,0,0,1,37,12,0,0,0,0,0,1,0,1,0,0,0,0,1,0,0,38,42,48,53,61,53,46.9962539672852,72,165,210,12,12,3,1,0,17.9423084259033,19.2299995422363,50,1.80769228935242,0,0,1,0,1,0,1,0,0
2702,0,1,0,1,0,44,16,0,0,0,1,0,0,0,0,1,0,0,1,0,0,0,58,59,55,59,56,57,59.8093757629395,68,156,172,5,0,8,1,0,21.1538467407227,18.9799995422363,43,1.69230771064758,0,0,1,0,1,0,0,0,1
1268,0,1,0,0,1,43,16,0,0,0,1,0,0,0,0,1,0,0,1,0,0,0,66,64,61,62,53,55,64.9891510009766,73,165,190,12,12,2,1,0,8.692307472229,27.0900001525879,55,1.34615385532379,0,0,1,0,0,0,0,0,1
488,0,1,0,0,1,38,12,0,0,0,0,0,1,0,0,0,1,0,0,1,0,0,50,46,52,47,43,47,48.6319732666016,68,179,190,15,14,4,1,0,9.73076915740967,19.2299995422363,42,3.86538457870483,1,1,0,0,0,0,0,0,1
12056,0,1,0,0,1,42,15,0,0,0,0,0,1,0,0,1,0,0,0,0,0,1,62,61,59,56,46,48,61.1724739074707,76,250,270,16,14,2,1,0,12.9615383148193,2.5,60,10.9807691574097,0,0,0,1,1,0,0,0,1
12100,0,1,0,0,1,40,12,0,0,0,0,0,1,0,0,1,0,0,1,0,0,0,52,57,47,50,56,56,54.0843658447266,71,170,185,8,16,3,1,0,21.0384616851807,16.6200008392334,40,3.28846144676208,0,1,0,0,1,0,0,1,0
2870,0,1,0,0,1,40,18,0,0,1,0,0,0,0,0,1,0,0,0,1,0,0,62,66,51,56,56,53,61.7177124023438,68,165,205,15,16,5,1,0,9.25,22.3899993896484,46,17.769229888916,0,0,1,0,1,1,0,0,0
408,0,1,0,0,1,41,12,0,0,0,0,0,1,0,0,1,0,0,0,1,0,0,64,66,57,62,53,52,64.9891510009766,73,220,250,12,12,5,1,0,22.7884616851807,28.7900009155273,40,18.615385055542,1,0,1,0,0,1,0,0,0
1651,0,1,0,1,0,39,12,0,0,0,0,0,1,0,0,1,0,0,0,1,0,0,52,58,52,50,62,65,55.9927024841309,71,185,250,11,9,3,1,0,21.2884616851807,33.2200012207031,40,18.019229888916,1,0,1,0,1,0,0,1,0
4390,0,1,0,0,1,38,12,0,0,0,0,0,1,0,0,1,0,0,1,0,0,0,40,42,43,38,52,48,41.5438652038574,68,140,176,12,8,2,0,0,19.0576915740967,15.039999961853,40,1.46153843402863,0,0,1,0,1,0,0,1,0
5359,0,1,0,0,1,44,12,0,0,0,0,0,1,0,1,0,0,0,1,0,0,0,58,65,60,53,55,54,62.8081893920898,70,185,300,12,12,3,1,0,23.2115383148193,11,40,3.51923084259033,0,0,1,0,1,0,1,0,0
1784,0,1,0,0,1,38,15,0,0,0,0,1,0,0,0,1,0,0,0,0,0,1,64,57,60,53,42,43,58.4462776184082,68,145,240,12,15,1,1,0,10.9038457870483,39.5299987792969,40,1.90384614467621,0,0,1,0,1,0,0,1,0
2341,0,1,0,0,1,41,14,0,0,0,0,1,0,0,0,1,0,0,1,0,0,0,54,65,51,59,62,63,61.9903335571289,70,163,175,12,12,3,1,0,20.8269233703613,31.25,40,15.0384616851807,1,0,1,0,0,0,0,0,1
2547,0,1,1,0,0,37,12,0,0,0,0,0,1,0,0,0,1,0,1,0,0,0,50,43,48,47,41,37,45.9057769775391,69,160,175,12,8,3,0,0,15.365385055542,18.5599994659424,40,11.9230766296387,1,0,1,0,0,0,1,0,0
2091,0,1,0,0,1,39,9,0,0,0,0,0,0,1,0,1,0,1,0,0,0,0,40,34,31,23,39,45,29.8212223052979,73,135,145,11,5,10,1,1,14.0769233703613,9,32,6.3461537361145,1,1,0,0,1,0,1,0,0
3971,0,1,0,0,1,39,19,0,0,1,0,0,0,0,0,1,0,0,1,0,0,0,66,66,60,62,49,48,65.8070068359375,74,180,220,14,11,2,1,0,8.23076915740967,32.689998626709,50,14.7692308425903,1,1,0,0,1,0,0,0,1
3215,0,1,0,0,1,44,12,0,0,0,0,0,1,0,0,0,1,0,0,1,0,0,62,53,60,59,51,42,57.9010391235352,70,153,160,12,16,5,1,0,22.8461532592773,17.2999992370605,40,22.4230766296387,0,1,0,0,1,1,0,0,0
2378,0,1,0,0,1,37,15,0,0,0,0,0,1,0,0,1,0,0,0,0,0,1,42,53,42,53,61,50,51.3581695556641,72,190,215,11,12,3,0,0,18.134614944458,15.6899995803833,40,14.7884616851807,1,1,0,0,1,0,0,1,0
4977,0,1,0,0,1,42,8,0,0,0,0,0,0,1,1,0,0,0,1,0,0,0,48,40,34,32,43,47,36.3640937805176,67,168,200,12,6,3,1,0,15.2692308425903,8,40,5.82692289352417,0,0,1,0,1,0,0,0,1
12050,0,1,1,0,0,43,13,0,0,0,0,0,1,0,0,0,1,0,0,0,0,1,42,50,48,50,59,42,50.5403099060059,66,162,175,11,12,7,1,0,19.2115383148193,14,50,0.442307680845261,0,0,1,0,1,0,0,0,1
2816,0,1,0,0,1,41,12,0,0,0,0,0,1,0,1,0,0,0,0,0,0,1,38,36,44,32,50,52,36.9093322753906,73,194,188,7,12,0,0,0,19.8461532592773,26.2199993133545,44,17.7884616851807,1,0,1,0,0,0,0,0,1
944,0,1,0,0,1,42,18,0,0,1,0,0,0,0,1,0,0,0,1,0,0,0,64,66,61,59,62,71,65.2617645263672,70,140,160,12,12,0,1,0,18.730770111084,24.5,38,11.384614944458,1,1,0,0,1,0,1,0,0
201,0,1,0,0,1,45,16,0,0,0,1,0,0,0,0,1,0,0,0,1,0,0,56,65,61,56,62,60,63.8986701965332,70,165,195,13,20,1,1,0,20.1923084259033,105.699996948242,55,5.442307472229,0,0,1,0,0,1,0,0,0
12093,0,1,0,0,1,38,12,0,0,0,0,0,1,0,0,1,0,0,1,0,0,0,56,53,50,44,46,45,51.0855484008789,75,180,190,12,12,2,1,0,20.3076915740967,15,41,22.769229888916,0,0,1,0,0,0,0,0,1
2999,0,1,0,0,1,43,13,0,0,0,0,0,1,0,0,0,1,0,0,1,0,0,58,59,59,53,56,55,59.2641372680664,66,140,165,8,8,3,1,0,21.480770111084,15.8599996566772,52,11.134614944458,0,0,1,0,1,1,0,0,0
2976,0,1,0,0,1,38,12,0,0,0,0,0,1,0,0,1,0,0,0,1,0,0,48,58,50,59,43,41,57.9010391235352,68,155,215,12,14,3,1,0,19.3076915740967,21.2299995422363,48,17.9423084259033,1,1,0,0,1,1,0,0,0
2800,0,1,0,0,1,40,18,0,0,1,0,0,0,0,0,0,1,0,1,0,0,0,64,65,61,59,51,64,64.7165298461914,71,170,250,12,12,1,1,0,11.865385055542,50.1599998474121,46,2.80769228935242,0,0,1,0,1,0,1,0,0
12110,0,1,0,0,1,37,16,0,0,0,1,0,0,0,0,1,0,0,0,0,0,1,58,55,52,47,24,46,53.5391273498535,74,195,220,12,12,3,1,0,15.5961542129517,35.0400009155273,45,11.115385055542,0,0,1,0,1,0,1,0,0
5456,0,1,0,0,1,38,12,0,0,0,0,0,1,0,0,0,1,0,1,0,0,0,46,40,31,29,50,44,34.7283744812012,68,195,150,5,0,3,1,0,16.0769233703613,9.40999984741211,48,1.30769228935242,0,0,1,0,0,0,0,0,1
4261,0,1,0,0,1,43,8,0,0,0,0,0,0,1,0,0,1,1,0,0,0,0,44,43,38,38,44,46,40.7260055541992,67,145,186,10,12,1,0,0,20.7884616851807,18,40,4.9038462638855,0,0,1,0,1,0,0,0,1
3967,0,1,0,1,0,44,16,0,0,0,1,0,0,0,0,1,0,0,0,1,0,0,56,64,51,56,54,55,60.6272354125977,73,190,200,14,18,1,1,0,21.730770111084,41.0200004577637,45,21.7884616851807,0,0,1,0,1,0,0,0,1
815,0,1,0,0,1,42,12,0,0,0,0,0,1,0,0,1,0,0,1,0,0,0,52,62,48,56,44,48,58.7188987731934,69,160,165,16,17,1,1,0,20.865385055542,10,45,4.942307472229,0,0,1,0,1,0,1,0,0
4394,0,1,0,0,1,41,12,0,0,0,0,0,1,0,0,1,0,1,0,0,0,0,50,51,50,56,55,57,53.2665061950684,73,208,205,16,17,3,1,0,21.115385055542,65.1100006103516,25,7.11538457870483,0,0,0,1,1,0,0,1,0
797,0,1,0,0,1,40,12,0,0,0,0,0,1,0,0,1,0,0,1,0,0,0,54,51,57,56,62,34,55.1748428344727,73,240,260,11,12,2,1,0,19.365385055542,25.8999996185303,40,2.01923084259033,1,0,1,0,1,0,1,0,0
769,0,1,0,0,1,41,12,0,0,0,0,0,1,0,1,0,0,0,0,1,0,0,54,42,59,41,50,49,46.7236366271973,70,130,155,12,12,1,1,0,18.0961532592773,17.75,40,1.44230771064758,1,0,1,0,1,0,1,0,0
4983,0,1,0,0,1,38,12,0,0,0,0,0,0,1,0,1,0,0,1,0,0,0,42,35,50,32,42,36,37.9998092651367,69,150,190,8,8,9,1,0,18.8076915740967,16.5,40,11.115385055542,0,0,1,0,1,0,0,0,1
5307,0,1,0,0,1,42,12,0,0,0,0,0,1,0,0,1,0,1,0,0,0,0,44,38,48,47,40,39,43.1795806884766,73,190,210,10,6,6,0,1,21.4230766296387,12.1899995803833,40,18.5961532592773,0,0,1,0,0,0,1,0,0
4508,0,1,0,0,1,44,16,0,0,0,1,0,0,0,1,0,0,0,0,1,0,0,56,62,57,44,62,44,57.9010391235352,76,250,242,16,18,3,1,1,19.730770111084,25.6399993896484,45,19.769229888916,0,0,1,0,1,0,0,1,0
5407,0,1,0,0,1,38,10,0,0,0,0,0,0,1,1,0,0,0,1,0,0,0,48,34,39,47,46,45,38.5450477600098,66,125,150,12,10,1,1,0,17.480770111084,14,40,1.94230771064758,0,0,1,0,0,0,0,1,0
139,0,1,0,0,1,38,15,0,0,0,0,0,1,0,0,1,0,0,0,1,0,0,56,58,56,59,49,50,59.5367546081543,68,170,155,16,16,4,1,0,15.6538457870483,28.8400001525879,50,7.86538457870483,0,0,1,0,1,0,0,0,1
3612,0,1,0,0,1,39,12,0,0,0,0,0,1,0,0,0,1,0,1,0,0,0,44,42,52,44,40,46,45.6331596374512,71,160,210,12,12,4,1,0,14.6538457870483,13.25,40,3.5,1,0,1,0,1,0,1,0,0
119,0,1,0,0,1,45,16,0,0,0,0,0,1,0,1,0,0,0,0,0,0,1,48,35,56,56,37,42,46.1783981323242,71,155,178,11,8,2,0,0,19.9230766296387,18.75,40,6.76923084259033,0,0,1,0,1,1,0,0,0
5020,0,1,0,0,1,44,17,0,0,0,1,0,0,0,1,0,0,0,1,0,0,0,68,66,61,56,60,63,64.4439086914062,71,165,180,19,20,2,1,0,15.0192308425903,33.6500015258789,40,6.53846168518066,0,0,1,0,1,0,0,1,0
2838,0,1,0,0,1,40,16,0,0,0,1,0,0,0,0,1,0,0,1,0,0,0,66,66,60,56,58,50,64.1712875366211,68,170,185,12,8,2,1,0,11.942307472229,26.4899997711182,45,11.8461542129517,0,1,0,0,1,0,0,1,0
11776,0,1,1,0,0,44,10,0,0,0,0,0,0,1,0,1,0,0,0,1,0,0,42,35,54,53,53,52,44.815299987793,65,150,198,10,8,2,1,0,21.6923084259033,13.7299995422363,42,6.88461542129517,0,0,1,0,1,1,0,0,0
5306,0,1,0,0,1,38,12,0,0,0,0,0,0,1,0,1,0,0,0,0,0,1,50,47,44,35,46,39,43.7248191833496,70,190,200,9,9,4,0,0,17.0576915740967,10.7600002288818,50,6.98076915740967,0,0,1,0,0,0,1,0,0
3561,0,1,0,0,1,38,12,0,0,0,0,0,1,0,1,0,0,0,0,1,0,0,38,38,30,20,27,34,30.9117012023926,69,205,230,12,10,4,0,0,17.6730766296387,15.5500001907349,48,13.2884616851807,1,0,1,0,1,0,1,0,0
3569,0,1,0,0,1,38,12,0,0,0,0,0,1,0,0,1,0,0,0,0,0,1,44,35,44,47,46,59,40.4533843994141,73,190,230,12,12,4,0,0,19.5961532592773,15.6000003814697,50,20.9038467407227,0,0,1,0,0,0,1,0,0
12088,0,1,0,0,1,41,16,0,0,0,1,0,0,0,0,1,0,0,1,0,0,0,60,65,59,62,52,50,64.9891510009766,72,200,255,13,14,3,0,0,19.9038467407227,17,40,11.884614944458,0,1,0,0,0,0,1,0,0
2584,0,1,0,0,1,37,12,0,0,0,0,0,1,0,0,0,1,0,0,0,0,1,32,38,26,35,36,45,33.910514831543,76,170,206,8,2,12,0,0,15.2307691574097,12,40,6.8461537361145,0,0,1,0,2,0,0,0,1
2187,0,1,0,0,1,40,13,0,0,0,0,0,1,0,0,0,1,0,1,0,0,0,52,46,52,41,46,50,46.9962539672852,68,230,230,12,14,1,1,0,21.6923084259033,30,50,18.2115383148193,0,0,1,0,0,0,0,0,1
3290,0,1,0,0,1,41,20,0,0,1,0,0,0,0,0,1,0,0,0,1,0,0,60,64,60,59,53,59,63.8986701965332,73,175,220,12,12,2,1,0,17.4038467407227,41.1500015258789,50,2.21153855323792,0,0,1,0,0,0,0,1,0
1802,0,1,0,0,1,38,12,0,0,0,0,0,1,0,0,0,1,0,0,1,0,0,66,61,52,50,53,42,57.62841796875,74,170,220,12,16,5,1,0,17.6538467407227,13,40,1.98076927661896,0,0,1,0,1,0,0,1,0
2772,0,1,1,0,0,38,12,0,0,0,0,0,1,0,0,1,0,0,0,0,0,1,32,38,38,35,49,31,37.1819496154785,72,179,245,12,16,10,0,0,18.4615383148193,8,40,2.32692313194275,0,1,0,0,0,0,0,0,1
1288,0,1,1,0,0,44,14,0,0,0,0,1,0,0,0,1,0,0,1,0,0,0,28,39,30,44,52,49,37.9998092651367,72,178,245,10,9,9,1,0,19.884614944458,11.6400003433228,40,19,1,1,0,0,1,0,0,0,1
3346,0,1,0,0,1,39,12,0,0,0,0,0,1,0,1,0,0,0,0,1,0,0,42,40,38,29,48,49,36.6367111206055,67,180,180,12,12,2,1,0,19.269229888916,17.5,60,18.3461532592773,0,0,1,0,1,0,1,0,0
701,0,1,0,0,1,42,9,0,0,0,0,0,0,1,1,0,0,0,0,0,0,1,42,31,43,41,30,39,36.3640937805176,67,125,125,12,12,2,1,0,15.3461542129517,6.5,38,1.13461542129517,0,0,1,0,1,0,1,0,0
4513,0,1,0,1,0,43,15,0,0,0,0,0,1,0,0,0,1,0,0,1,0,0,48,59,57,56,61,41,59.5367546081543,68,170,210,11,11,2,1,0,20.0769233703613,18.6000003814697,40,7.1538462638855,0,0,1,0,1,0,0,1,0
4900,0,1,0,0,1,45,12,0,0,0,0,0,1,0,0,1,0,0,1,0,0,0,54,53,55,56,43,48,55.7200813293457,70,155,190,12,7,2,0,0,21.115385055542,18.75,40,6.01923084259033,1,0,1,0,0,0,0,0,1
1456,0,1,0,0,1,39,12,0,0,0,0,0,1,0,0,0,1,0,0,0,0,1,52,49,42,47,42,46,47.5414962768555,71,170,180,12,11,2,0,0,9.75,8,40,0.538461565971375,0,0,1,0,0,0,0,0,1
4755,0,1,0,0,1,40,12,0,0,0,0,0,1,0,0,1,0,0,0,1,0,0,44,55,44,53,48,56,52.9938850402832,67,165,200,12,12,3,1,0,17.3076915740967,17.7999992370605,48,15.5,1,0,1,0,0,0,1,0,0
870,0,1,0,0,1,39,12,0,0,0,0,0,1,0,0,1,0,0,0,1,0,0,50,39,33,29,35,29,34.7283744812012,72,141,170,9,12,5,1,0,19.1538467407227,8.93000030517578,40,8.84615421295166,1,0,1,0,1,0,1,0,0
3235,0,1,0,0,1,42,12,0,0,0,0,0,1,0,0,1,0,0,0,0,0,1,50,61,54,59,53,55,60.6272354125977,65,150,185,12,10,4,0,0,22.9615383148193,10.6499996185303,40,4.73076915740967,0,0,1,0,2,1,0,0,0
412,0,1,0,0,1,37,14,0,0,0,0,1,0,0,0,1,0,0,1,0,0,0,54,57,55,50,50,45,56.2653198242188,72,188,220,11,12,2,1,0,10.942307472229,15.6199998855591,40,3.13461542129517,1,1,0,0,0,1,0,0,0
1964,0,1,0,0,1,45,12,0,0,0,0,0,1,0,0,0,1,0,1,0,0,0,44,45,51,53,38,41,49.4498329162598,71,155,175,12,8,3,1,0,22.0576915740967,9.09000015258789,44,1.67307686805725,0,0,1,0,1,1,0,0,0
387,0,1,1,0,0,39,12,0,0,0,0,0,1,0,1,0,0,1,0,0,0,0,26,39,24,20,26,27,29.8212223052979,74,150,190,10,7,4,1,0,14.0769233703613,10.5,38,1.84615385532379,0,0,1,0,1,1,0,0,0
1672,0,1,0,0,1,39,12,0,0,0,0,0,1,0,1,0,0,0,0,1,0,0,40,57,52,59,47,54,57.9010391235352,73,182,205,12,8,3,1,0,16.519229888916,3.75,40,5.75,0,0,1,0,1,0,0,1,0
1925,0,1,0,0,1,41,12,0,0,0,0,0,1,0,0,1,0,1,0,0,0,0,54,59,54,56,62,58,58.7188987731934,75,195,240,12,12,2,0,0,23.115385055542,11.539999961853,44,1.73076927661896,0,0,1,0,0,1,0,0,0
1966,0,1,0,0,1,41,12,0,0,0,0,0,1,0,0,1,0,0,1,0,0,0,68,58,59,59,52,52,60.3546142578125,70,185,162,17,14,3,1,0,17.1538467407227,21.6299991607666,48,1.15384614467621,0,0,1,0,1,0,0,0,1
2335,0,1,0,0,1,45,13,0,0,0,0,0,1,0,0,0,1,0,1,0,0,0,54,61,57,62,62,63,62.2629508972168,74,150,165,12,10,1,1,NA,22.0769233703613,21.3600006103516,45,8.01923084259033,0,0,1,0,1,0,0,0,1
2939,0,1,0,0,1,44,15,0,0,0,1,0,0,0,0,1,0,0,0,0,0,1,62,65,60,62,53,59,65.2617645263672,74,191,227,18,20,2,1,0,22.75,27.7700004577637,45,7.75,0,0,1,0,1,1,0,0,0
697,0,1,0,0,1,45,12,0,0,0,0,0,1,0,0,1,0,0,1,0,0,0,46,42,50,38,30,42,43.4522018432617,67,165,185,3,12,5,0,0,21.4615383148193,24,40,18.25,1,0,1,0,1,0,1,0,0
3873,0,1,0,0,1,42,20,1,0,0,0,0,0,0,1,0,0,0,1,0,0,0,66,66,61,59,61,56,65.2617645263672,75,230,330,18,18,2,1,0,13.3461542129517,44.8699989318848,60,1.26923072338104,0,0,1,0,1,0,1,0,0
4359,0,1,0,1,0,43,17,0,0,0,1,0,0,0,0,1,0,0,0,1,0,0,52,46,54,56,57,51,51.630786895752,68,138,155,8,12,3,1,1,16.5384616851807,13.8999996185303,55,12.5192308425903,1,1,0,0,0,0,0,1,0
1601,0,1,0,0,1,40,16,0,0,0,1,0,0,0,0,1,0,0,1,0,0,0,50,45,50,56,61,56,49.9950714111328,71,152,185,12,12,2,0,0,12.634614944458,31.4599990844727,55,1.19230771064758,0,1,0,0,1,0,1,0,0
2089,0,1,0,0,1,39,12,0,0,0,0,0,1,0,0,0,1,0,0,1,0,0,40,38,41,41,53,46,39.6355285644531,74,150,165,12,12,6,1,0,20.1730766296387,15,40,18.115385055542,0,0,1,0,1,0,1,0,0
3482,0,1,0,0,1,43,13,0,0,0,0,0,1,0,0,1,0,0,0,1,0,0,34,43,42,35,40,39,40.9986267089844,64,130,145,3,1,8,0,0,20.269229888916,20.5,40,11.7115383148193,1,0,1,0,1,0,1,0,0
1433,0,1,1,0,0,39,17,0,0,0,1,0,0,0,0,1,0,0,1,0,0,0,40,46,43,41,49,36,44.5426788330078,69,160,180,11,12,2,0,0,16.0961532592773,20.1900005340576,40,16.115385055542,0,0,1,0,0,0,0,0,1
273,0,1,0,0,1,42,15,0,0,0,0,1,0,0,0,1,0,0,0,1,0,0,48,57,59,47,61,57,56.5379409790039,72,176,220,12,12,6,1,0,21.730770111084,16.1499996185303,50,0.346153855323792,1,0,1,0,1,0,0,0,1
4498,0,1,0,0,1,39,12,0,0,0,0,0,1,0,1,0,0,0,1,0,0,0,50,50,47,56,62,52,51.9034080505371,68,210,240,9,13,4,1,1,15.7692308425903,17,40,1.88461542129517,0,0,1,0,1,0,0,1,0
1340,0,1,0,0,1,45,12,0,0,0,0,0,1,0,0,1,0,0,0,0,0,1,46,40,35,53,46,41,42.3617248535156,67,212,280,11,4,2,1,0,17.865385055542,8.39999961853027,47,9.96153831481934,0,0,1,0,0,0,0,0,1
1565,0,1,0,0,1,38,18,0,0,0,1,0,0,0,0,1,0,0,1,0,0,0,68,62,59,56,41,59,61.7177124023438,74,195,215,13,14,2,1,0,13.9807691574097,48.0699996948242,40,1.05769228935242,0,0,1,0,1,0,0,1,0
3246,0,1,0,0,1,41,12,0,0,0,0,0,1,0,0,1,0,0,1,0,0,0,58,53,50,47,55,48,51.9034080505371,70,198,198,12,8,1,0,0,22.7884616851807,13.2700004577637,42,1.17307686805725,0,0,1,0,1,1,0,0,0
5461,0,1,0,0,1,37,8,0,0,0,0,0,0,1,0,0,1,0,1,0,0,0,34,34,28,26,23,27,29.8212223052979,68,135,170,7,4,7,0,0,17.134614944458,18.6599998474121,58,4.57692289352417,1,0,1,0,0,0,0,0,1
11829,0,1,1,0,0,39,12,0,0,0,0,0,1,0,0,0,1,0,1,0,0,0,22,38,25,29,29,32,32.0021781921387,68,175,280,11,12,7,1,1,20.0384616851807,9.19999980926514,40,0.0576923079788685,0,0,1,0,1,0,0,0,1
5527,0,1,0,0,1,42,9,0,0,0,0,0,0,1,0,1,0,1,0,0,0,0,30,38,28,29,20,39,32.8200378417969,64,125,115,8,8,1,0,0,20.0769233703613,8.5,45,5.73076915740967,0,0,1,0,0,0,0,0,1
4776,0,1,0,0,1,40,12,0,0,0,0,0,1,0,0,1,0,0,1,0,0,0,50,43,39,38,44,41,40.9986267089844,72,185,210,10,8,4,0,1,17.769229888916,13.5,50,8.82692337036133,0,0,1,0,1,0,1,0,0
4586,0,1,0,0,1,37,12,0,0,0,0,0,1,0,0,1,0,0,1,0,0,0,56,65,54,50,53,43,60.3546142578125,72,155,235,13,8,2,1,1,17.4423084259033,26.5,37,2.32692313194275,0,0,1,0,1,0,0,1,0
5420,0,1,0,0,1,39,16,0,0,0,1,0,0,0,0,1,0,0,1,0,0,0,56,62,56,59,62,50,61.7177124023438,76,195,210,12,12,3,0,0,17.269229888916,33.2099990844727,55,15.9615383148193,0,0,1,0,1,0,1,0,0
1174,0,1,0,0,1,42,16,0,0,0,1,0,0,0,0,1,0,0,1,0,0,0,62,66,59,56,55,61,63.8986701965332,71,165,180,14,11,2,1,NA,20.019229888916,69.2300033569336,50,15.4230766296387,1,0,1,0,0,0,0,0,1
3857,0,1,0,0,1,39,16,0,0,0,1,0,0,0,0,0,1,0,0,1,0,0,58,66,57,59,58,45,64.1712875366211,71,155,165,12,12,6,1,NA,16.8269233703613,30.6200008392334,40,16.4615383148193,0,0,1,0,1,0,1,0,0
2122,0,1,0,0,1,43,12,0,0,0,0,0,1,0,0,1,0,0,1,0,0,0,46,43,33,32,20,29,37.7271919250488,71,204,207,10,10,2,0,0,15.3269233703613,9.80000019073486,50,12.7692308425903,0,0,1,0,0,0,0,0,1
5625,0,1,0,0,1,39,12,0,0,0,0,0,1,0,0,1,0,0,1,0,0,0,60,50,54,53,50,54,52.9938850402832,70,215,220,11,12,3,1,0,18.5769233703613,17.5,42,0.961538434028625,0,0,1,0,1,0,0,0,1
486,0,1,0,0,1,38,12,0,0,0,0,0,1,0,0,1,0,0,0,1,0,0,48,46,44,56,43,46,48.9045944213867,68,145,195,12,14,2,1,0,19.230770111084,42.2999992370605,50,3.86538457870483,0,0,0,1,1,0,1,0,0
4430,0,1,0,0,1,39,15,0,0,0,0,1,0,0,0,1,0,0,0,0,1,0,54,61,57,56,58,47,60.6272354125977,76,225,260,9,11,4,1,0,14.365385055542,22.1100006103516,40,3.13461542129517,0,0,1,0,0,0,0,1,0
686,0,1,0,0,1,38,18,0,0,1,0,0,0,0,1,0,0,0,0,1,0,0,56,53,60,53,61,55,56.2653198242188,72,175,190,12,12,2,1,0,13.3269233703613,21.6299991607666,40,0.269230782985687,0,0,1,0,1,0,1,0,0
4166,0,1,0,0,1,42,12,0,0,0,0,0,1,0,0,0,1,0,1,0,0,0,50,55,56,59,46,43,57.9010391235352,71,180,168,12,12,1,0,NA,20.5961532592773,11.8100004196167,55,10.7307691574097,0,0,1,0,1,0,0,0,1
959,0,1,0,0,1,42,14,0,0,0,0,0,1,0,0,1,0,0,0,1,0,0,58,66,57,62,54,55,64.9891510009766,74,180,190,15,16,3,0,0,18.9615383148193,39.9099998474121,53,7.5,0,0,1,0,1,0,1,0,0
1500,0,1,0,0,1,42,12,0,0,0,0,0,1,0,0,0,1,0,1,0,0,0,50,42,52,38,25,35,43.9974403381348,73,160,200,6,9,1,1,0,22.269229888916,21,42,23.1538467407227,0,0,1,0,0,0,0,0,1
3196,0,1,0,0,1,43,12,0,0,0,0,0,1,0,1,0,0,0,1,0,0,0,58,55,54,50,62,66,54.9022216796875,66,150,152,12,12,4,1,0,23.365385055542,19.5900001525879,52,17.2884616851807,0,0,1,0,1,1,0,0,0
3693,0,1,0,0,1,39,9,0,0,0,0,0,0,1,1,0,0,0,1,0,0,0,50,45,46,47,41,44,46.4510154724121,74,162,172,14,14,2,1,0,21.0961532592773,25,40,1.67307686805725,0,0,1,0,1,0,0,0,1
457,0,1,0,0,1,42,16,0,0,0,1,0,0,0,0,1,0,0,1,0,0,0,64,58,56,59,44,45,59.5367546081543,69,175,195,15,14,2,1,0,19.0961532592773,19.2299995422363,50,8.73076915740967,0,0,1,0,1,1,0,0,0
3141,0,1,0,0,1,40,16,0,0,0,1,0,0,0,1,0,0,0,1,0,0,0,62,65,61,59,62,61,64.7165298461914,74,200,225,12,14,2,1,0,14.307692527771,33.6500015258789,40,2.23076915740967,0,0,1,0,1,1,0,0,0
2365,0,1,0,0,1,40,12,0,0,0,0,0,1,0,0,1,0,0,0,1,0,0,46,47,39,53,37,56,47.2688751220703,73,193,260,12,12,3,1,0,22.75,15.5,40,7.557692527771,0,0,1,0,1,0,0,0,1
189,0,1,0,0,1,43,16,0,0,0,1,0,0,0,1,0,0,0,0,1,0,0,54,58,51,56,46,50,57.3558006286621,74,170,183,10,12,2,1,NA,13.4807691574097,66.1399993896484,45,2.26923084259033,0,0,1,0,1,0,0,0,1
3680,0,1,0,0,1,39,16,0,0,0,1,0,0,0,0,1,0,0,1,0,0,0,56,62,56,59,32,54,61.7177124023438,73,170,210,16,14,1,0,0,12.884614944458,15.8100004196167,45,2.38461542129517,0,0,1,0,1,0,1,0,0
3229,0,1,0,0,1,38,20,0,0,0,0,0,0,0,0,1,0,0,1,0,0,0,62,50,55,59,52,47,54.9022216796875,68,145,185,14,16,1,1,NA,11.7307691574097,48.0699996948242,40,2.8461537361145,0,0,1,0,1,0,0,1,0
2516,0,1,0,0,1,40,12,0,0,0,0,1,0,0,0,1,0,0,1,0,0,0,60,59,50,53,52,56,56.8105621337891,71,210,230,12,12,3,1,NA,22.4230766296387,17.2999992370605,40,3.17307686805725,0,0,1,0,0,0,1,0,0
2460,0,1,0,0,1,42,12,0,0,0,0,0,1,0,0,1,0,0,0,0,0,1,62,51,54,44,44,52,51.0855484008789,72,230,265,12,6,3,1,0,20.6923084259033,10.1999998092651,40,13.7692308425903,0,0,1,0,0,0,1,0,0
4008,0,1,1,0,0,44,13,0,0,0,0,0,1,0,1,0,0,0,1,0,0,0,38,40,39,32,31,48,37.7271919250488,68,155,190,16,16,2,1,0,21.980770111084,22.75,55,6.32692289352417,1,0,1,0,1,0,0,0,1
155,0,1,0,0,1,38,9,0,0,0,0,0,1,0,0,0,1,0,0,1,0,0,56,40,51,47,52,51,45.0879173278809,69,165,185,12,12,3,1,0,19.4615383148193,20.8299999237061,60,0.192307695746422,0,0,1,0,1,1,0,0,0
11846,0,1,0,1,0,39,12,0,0,0,0,0,1,0,0,0,1,0,0,1,0,0,32,35,34,38,37,40,35.2736129760742,70,168,189,6,9,3,1,0,6.21153831481934,16.4200000762939,40,0.365384608507156,0,0,1,0,1,0,0,1,0
5067,0,1,0,0,1,39,16,0,0,0,0,0,1,0,0,0,1,0,1,0,0,0,46,57,44,59,62,54,55.7200813293457,72,190,187,12,14,2,1,NA,16.9038467407227,44.7099990844727,40,16.0576915740967,0,0,1,0,0,0,0,0,1
3168,0,1,0,0,1,44,19,0,0,0,0,0,0,0,0,1,0,0,0,1,0,0,68,65,60,59,54,39,64.4439086914062,71,168,180,14,16,3,1,0,1.78846156597137,37.1100006103516,43,1.78846156597137,0,1,0,0,1,0,0,0,1
4623,0,1,0,0,1,38,12,0,0,0,0,0,1,0,0,1,0,0,1,0,0,0,54,47,31,29,39,37,38.5450477600098,72,150,170,12,10,1,1,0,12.5769233703613,25,40,1.21153843402863,0,0,1,0,1,0,0,1,0
3866,0,1,0,0,1,43,18,0,0,1,0,0,0,0,0,0,1,0,1,0,0,0,58,65,56,56,61,67,62.535572052002,75,187,225,12,12,1,1,0,17.769229888916,16.5300006866455,45,2.94230771064758,0,0,1,0,1,0,0,0,1
1885,1,0,0,0,1,42,16,0,0,0,1,0,0,0,0,1,0,0,1,0,0,0,52,49,57,56,55,54,54.0843658447266,64,120,135,12,12,2,0,0,13.557692527771,17.6200008392334,24,18.75,0,0,1,0,1,1,0,0,0
4054,1,0,0,0,1,41,14,0,0,0,0,0,0,0,1,0,0,0,0,1,0,0,42,40,44,47,51,38,43.1795806884766,64,118,148,14,15,4,1,0,18.4615383148193,21,36,19.0384616851807,0,1,0,0,1,0,0,0,1
4925,1,0,0,0,1,41,12,0,0,0,0,0,0,0,0,1,0,0,0,1,0,0,58,49,60,59,60,45,55.7200813293457,68,129,172,12,16,7,1,NA,22.884614944458,19.5,50,2.76923084259033,0,0,0,1,0,0,0,0,1
174,1,0,0,1,0,42,13,0,0,0,0,0,1,0,0,1,0,0,0,1,0,0,42,49,54,53,50,53,52.4486465454102,65,116,148,13,12,1,1,0,22.480770111084,20.6200008392334,40,14.634614944458,0,0,1,0,1,1,0,0,0
883,1,0,0,0,1,37,15,0,0,0,0,0,1,0,1,0,0,0,1,0,0,0,46,54,52,53,53,47,54.6296043395996,64,130,170,16,16,6,1,0,14.634614944458,25,40,0.653846144676208,0,0,0,1,1,0,1,0,0
2918,1,0,0,0,1,44,12,0,0,0,0,0,1,0,0,1,0,0,0,1,0,0,52,50,55,59,57,47,54.9022216796875,66,135,155,10,12,6,1,NA,19.9423084259033,12.5,20,3.4038462638855,0,0,1,0,1,1,0,0,0
12097,1,0,0,0,1,39,12,0,0,0,0,0,1,0,0,1,0,1,0,0,0,0,42,39,48,50,53,59,44.5426788330078,67,125,129,12,11,5,0,0,21.4038467407227,22.1900005340576,24,14.75,0,1,0,0,1,0,0,1,0
1539,1,0,0,0,1,44,12,0,0,0,0,0,1,0,0,1,0,0,0,1,0,0,52,46,60,62,55,55,54.9022216796875,64,107,119,12,10,3,1,1,19.615385055542,14.5299997329712,40,5.057692527771,0,0,1,0,1,0,0,1,0
1385,1,0,1,0,0,38,13,0,0,0,0,0,1,0,0,0,1,0,1,0,0,0,46,47,44,47,44,36,46.9962539672852,60,105,136,12,10,4,1,0,17.5576915740967,19.2299995422363,40,4.6538462638855,0,0,1,0,1,0,0,0,1
1155,1,0,1,0,0,40,14,0,0,0,0,1,0,0,0,1,0,0,0,1,0,0,36,39,38,44,60,58,40.1807670593262,60,178,236,12,12,3,1,0,20.4038467407227,20.8700008392334,40,19.9038467407227,0,0,1,0,1,0,0,0,1
5478,1,0,0,0,1,45,12,0,0,0,0,0,1,0,0,1,0,1,0,0,0,0,62,51,59,53,52,54,54.9022216796875,63,240,400,9,10,0,0,0,21.365385055542,9.19999980926514,40,13.8269233703613,0,1,0,0,0,0,0,0,1
1727,1,0,0,0,1,38,12,0,0,0,0,0,1,0,0,1,0,0,0,1,0,0,38,43,33,41,46,51,40.1807670593262,63,100,126,12,12,10,1,0,17.5769233703613,38.4599990844727,45,1.03846156597137,0,0,1,0,1,0,0,1,0
5189,1,0,0,0,1,39,12,0,0,0,0,0,1,0,0,1,0,0,1,0,0,0,54,46,57,53,44,50,51.630786895752,62,178,220,4,9,2,1,0,7.82692289352417,9,40,5.86538457870483,0,0,1,0,2,0,0,1,0
2272,1,0,1,0,0,41,12,0,0,0,0,0,1,0,0,0,1,0,1,0,0,0,52,47,52,59,52,54,52.4486465454102,65,135,133,12,12,1,1,0,9.192307472229,25.9099998474121,40,0.230769231915474,1,0,1,0,1,0,0,0,1
5315,1,0,0,0,1,42,14,0,0,0,0,0,1,0,0,0,1,0,0,0,0,1,52,45,60,56,52,58,52.7212677001953,67,117,135,16,12,4,1,0,8.84615421295166,11.25,24,4.942307472229,0,0,1,0,0,0,1,0,0
1598,1,0,0,0,1,38,14,0,0,0,0,1,0,0,0,1,0,0,1,0,0,0,42,54,51,47,56,60,52.7212677001953,64,130,200,10,12,1,1,0,12.057692527771,13,40,0.903846144676208,1,1,0,0,1,0,0,1,0
12066,1,0,0,0,1,42,14,0,0,0,0,0,0,1,0,1,0,0,1,0,0,0,40,46,51,44,29,50,47.5414962768555,67,165,190,12,12,5,1,1,1.15384614467621,6,32,0.769230782985687,0,0,1,0,1,0,1,0,0
1799,1,0,0,0,1,38,13,0,0,0,0,0,1,0,0,1,0,0,1,0,0,0,44,50,44,50,53,52,49.4498329162598,68,125,148,13,12,2,1,0,12.192307472229,24.0300006866455,50,17.115385055542,1,1,0,0,1,0,0,1,0
3754,1,0,0,0,1,40,12,0,0,0,0,0,1,0,0,0,1,0,1,0,0,0,50,61,57,56,58,60,60.6272354125977,61,126,145,9,8,3,1,0,21.615385055542,14.75,40,2.53846144676208,0,0,1,0,1,0,1,0,0
1787,1,0,0,0,1,39,17,0,0,1,0,0,0,0,0,1,0,0,0,1,0,0,38,46,44,50,47,56,47.2688751220703,64,135,126,12,12,3,1,0,12.9615383148193,22.5900001525879,40,8.59615421295166,0,0,1,0,1,0,0,1,0
5283,1,0,0,0,1,41,11,0,0,0,0,0,0,1,0,0,1,0,0,0,0,1,36,36,43,38,33,37,38.2724304199219,65,122,140,13,13,4,1,1,12.6538457870483,6,40,7.32692289352417,0,0,1,0,0,0,1,0,0
839,1,0,1,0,0,42,15,0,0,0,0,1,0,0,0,1,0,0,1,0,0,0,44,31,35,38,32,34,33.3652763366699,65,118,170,12,10,1,1,0,13.9038457870483,9.60999965667725,40,2.80769228935242,0,0,1,0,1,0,0,0,1
3243,1,0,0,0,1,44,16,0,0,0,1,0,0,0,0,0,1,0,1,0,0,0,54,55,57,53,62,44,56.5379409790039,62,140,155,14,15,1,1,0,21.3076915740967,9.60999965667725,50,21.1538467407227,0,0,1,0,0,1,0,0,0
11848,1,0,1,0,0,40,16,0,0,0,1,0,0,0,1,0,0,0,1,0,0,0,50,42,52,56,52,54,48.9045944213867,65,140,176,12,12,4,0,1,12.5,11.4799995422363,36,0.346153855323792,0,1,0,0,0,0,0,0,1
491,1,0,0,0,1,42,12,0,0,0,0,0,1,0,0,1,0,0,0,1,0,0,42,45,33,29,52,34,37.9998092651367,65,240,180,12,11,3,1,0,20.615385055542,30.5499992370605,36,0.423076927661896,0,0,1,0,1,0,0,0,1
254,1,0,0,0,1,41,12,0,0,0,0,0,1,0,0,0,1,0,0,1,0,0,56,66,59,59,62,65,64.7165298461914,64,120,130,11,8,4,1,0,19.2884616851807,13.0200004577637,38,16.769229888916,1,0,1,0,1,1,0,0,0
3537,1,0,0,0,1,44,12,0,0,0,0,0,1,0,0,1,0,0,0,0,0,1,48,42,56,56,39,32,49.9950714111328,68,120,130,12,14,4,1,0,23.1538467407227,16,35,14.615385055542,0,0,1,0,1,0,1,0,0
11886,1,0,0,0,1,44,14,0,0,0,0,0,1,0,0,1,0,0,1,0,0,0,66,53,61,62,55,56,58.9915161132812,65,110,125,12,12,2,1,0,19.4230766296387,10,40,1.59615385532379,0,0,1,0,1,0,1,0,0
11834,1,0,0,0,1,43,9,0,0,0,0,0,0,1,1,0,0,0,1,0,0,0,50,38,41,41,31,47,39.6355285644531,69,250,210,9,12,4,1,0,21.365385055542,7.23000001907349,38,0.884615361690521,1,0,1,0,1,0,0,0,1
816,1,0,0,0,1,44,16,0,0,0,1,0,0,0,0,1,0,0,0,1,0,0,46,38,55,62,52,66,49.1772117614746,64,105,109,12,12,2,1,0,10.0384616851807,7.25,14,0.0961538478732109,0,0,1,0,1,0,1,0,0
4037,1,0,0,0,1,38,15,0,0,0,0,1,0,0,0,1,0,0,1,0,0,0,52,55,60,62,49,47,59.8093757629395,66,110,141,12,12,2,1,0,13.5192308425903,11.8299999237061,52,0.846153855323792,1,0,1,0,1,0,0,0,1
1005,1,0,0,0,1,43,12,0,0,0,0,0,0,1,0,0,1,0,1,0,0,0,48,50,39,53,47,38,48.9045944213867,64,129,135,12,12,5,1,0,15.0961542129517,10.5,30,1.92307686805725,0,0,1,0,1,0,1,0,0
2706,1,0,0,1,0,40,12,0,0,0,0,0,1,0,1,0,0,0,0,1,0,0,34,36,35,35,41,44,35.2736129760742,62,103,140,0,0,8,0,1,15.9038457870483,11.5,45,4.26923084259033,0,0,1,0,1,0,0,0,1
4645,1,0,0,1,0,44,16,0,0,0,0,0,0,0,0,1,0,0,0,1,0,0,56,54,55,56,54,54,56.2653198242188,65,145,140,12,10,2,1,0,14.4038457870483,18.3299999237061,30,5.51923084259033,0,0,1,0,0,0,0,1,0
4417,1,0,0,1,0,40,10,0,0,0,0,0,0,1,0,1,0,0,0,1,0,0,30,39,29,23,55,52,32.0021781921387,62,134,165,6,6,6,1,1,13.4615383148193,15,40,13.9230766296387,0,0,1,0,1,0,0,1,0
1778,1,0,0,0,1,42,12,0,0,0,0,0,1,0,0,1,0,0,1,0,0,0,48,54,46,53,61,52,52.9938850402832,65,118,175,12,15,3,1,0,9.98076915740967,7.5,40,0.0192307699471712,0,0,1,0,1,0,0,1,0
1980,1,0,0,0,1,43,12,0,0,0,0,0,1,0,0,1,0,0,1,0,0,0,44,38,39,50,47,51,41.5438652038574,64,127,120,9,12,3,1,0,9.88461494445801,3.32999992370605,30,0.634615361690521,0,0,1,0,1,0,1,0,0
1599,1,0,0,0,1,45,12,0,0,0,0,0,1,0,0,1,0,0,1,0,0,0,48,53,56,53,54,46,55.1748428344727,63,115,167,11,12,1,1,0,21.1730766296387,15.1099996566772,20,0.711538434028625,0,1,0,0,1,0,0,1,0
4219,1,0,0,0,1,40,14,0,0,0,0,0,1,0,0,1,0,0,1,0,0,0,52,38,47,47,52,54,42.9069633483887,62,189,165,7,11,1,0,1,20.4038467407227,15.7799997329712,40,19.5384616851807,0,1,0,0,0,0,0,0,1
327,1,0,0,0,1,44,16,0,0,0,1,0,0,0,0,0,1,0,1,0,0,0,64,64,61,56,49,61,63.3534317016602,69,140,170,15,16,3,1,0,20.4423084259033,10.75,45,2.5,0,0,1,0,0,1,0,0,0
11797,1,0,1,0,0,38,14,0,0,0,0,0,1,0,1,0,0,1,0,0,0,0,42,38,51,38,41,26,41.5438652038574,69,160,270,15,18,3,1,1,10,17.7299995422363,30,2.07692313194275,1,0,1,0,1,0,1,0,0
2948,1,0,0,0,1,45,16,0,0,0,1,0,0,0,0,1,0,0,0,1,0,0,62,59,59,56,62,63,60.0819969177246,64,135,135,15,19,5,1,0,16.6538467407227,9.97000026702881,27,6.5,1,1,0,0,1,0,1,0,0
1745,1,0,0,0,1,38,17,0,0,0,1,0,0,0,0,1,0,0,0,1,0,0,56,57,56,62,62,49,59.8093757629395,64,115,145,16,18,2,1,0,11.7115383148193,31.25,40,15.0384616851807,1,1,0,0,1,0,0,1,0
2680,1,0,0,0,1,41,17,0,0,0,1,0,0,0,0,1,0,0,1,0,0,0,52,51,60,59,62,50,56.8105621337891,63,129,125,12,13,1,0,0,16.75,68.9100036621094,40,5.98076915740967,0,1,0,0,1,0,0,0,1
3413,1,0,0,0,1,44,12,0,0,0,0,0,1,0,0,1,0,1,0,0,0,0,56,65,57,56,59,63,62.8081893920898,65,185,250,12,10,2,1,0,15.3269233703613,13.5,40,5.5961537361145,0,0,1,0,1,0,1,0,0
4292,1,0,0,0,1,45,14,0,0,0,0,0,1,0,0,1,0,0,1,0,0,0,48,54,50,62,52,55,56.5379409790039,67,120,147,13,11,3,1,0,17.0384616851807,17.5699996948242,40,14.884614944458,0,1,0,0,1,0,0,0,1
1110,1,0,0,0,1,39,12,0,0,0,0,0,1,0,0,1,0,0,1,0,0,0,50,47,47,50,48,47,48.6319732666016,64,103,106,10,12,5,1,0,4.26923084259033,7,40,0.115384615957737,0,0,1,0,1,0,0,0,1
5373,1,0,0,0,1,41,16,0,0,0,1,0,0,0,0,1,0,0,1,0,0,0,54,62,60,59,52,56,62.8081893920898,66,128,130,16,16,3,1,0,15.9230766296387,20,25,1.96153843402863,0,1,0,0,0,0,1,0,0
5482,1,0,1,0,0,42,12,0,0,0,0,0,1,0,0,0,1,0,1,0,0,0,34,34,28,29,28,34,30.6390819549561,63,140,170,12,12,3,0,0,19.9038467407227,10.4099998474121,48,3.48076915740967,1,0,1,0,1,0,0,0,1
5502,1,0,0,0,1,40,12,0,0,0,0,0,1,0,0,1,0,0,1,0,0,0,42,45,39,44,41,47,43.7248191833496,66,112,135,12,10,1,0,0,20.9615383148193,8.30000019073486,40,7.01923084259033,0,0,1,0,0,0,0,0,1
2452,1,0,0,0,1,42,12,0,0,0,0,0,1,0,0,1,0,0,1,0,0,0,46,40,55,53,46,56,47.8141136169434,62,125,160,10,12,3,1,0,23.5576915740967,12,45,21.1538467407227,0,1,0,0,1,0,1,0,0
12046,1,0,0,0,1,43,16,0,0,0,1,0,0,0,0,1,0,0,1,0,0,0,48,57,59,59,61,67,59.8093757629395,64,120,135,16,20,1,1,0,9.92307662963867,7.25,15,3.61538457870483,0,1,0,0,1,0,1,0,0
354,1,0,0,0,1,45,12,0,0,0,0,0,1,0,0,1,0,0,0,1,0,0,58,57,60,53,57,59,58.4462776184082,64,120,133,12,12,4,1,0,17.884614944458,8.55000019073486,20,5.6538462638855,0,0,1,0,1,1,0,0,0
2521,1,0,0,0,1,39,12,0,0,0,0,0,1,0,0,1,0,0,0,1,0,0,42,36,39,38,52,54,37.1819496154785,62,120,160,12,12,4,1,NA,14.692307472229,10.210000038147,32,1.80769228935242,1,1,0,0,1,0,1,0,0
3309,1,0,1,0,0,41,17,0,0,0,1,0,0,0,1,0,0,0,1,0,0,0,60,59,61,59,62,60,61.4450912475586,67,135,214,12,15,3,1,0,14.9038457870483,24.0300006866455,40,2.23076915740967,0,0,1,0,1,0,0,0,1
2129,1,0,0,0,1,41,12,0,0,0,0,0,1,0,0,1,0,0,1,0,0,0,50,43,50,56,51,59,48.9045944213867,65,217,238,10,6,3,0,1,14.9807691574097,7.25,40,1.53846156597137,0,0,1,0,1,0,0,0,1
4267,1,0,0,0,1,44,14,0,0,0,0,0,1,0,0,1,0,0,1,0,0,0,34,38,44,50,47,54,42.9069633483887,61,230,260,0,1,6,1,0,18.7115383148193,7.5,40,7.07692289352417,0,1,0,0,0,0,0,0,1
1313,1,0,1,0,0,41,12,0,0,0,0,0,1,0,0,0,1,0,1,0,0,0,34,34,24,26,37,34,28.7307434082031,63,139,208,12,9,1,1,1,6.5961537361145,8.26000022888184,18,0.0192307699471712,0,0,1,0,1,0,0,0,1
3475,1,0,0,0,1,41,12,0,0,0,0,0,1,0,0,1,0,0,1,0,0,0,44,36,38,41,44,60,37.7271919250488,65,140,155,14,12,2,1,1,17.519229888916,10.8900003433228,45,8.01923084259033,1,1,0,0,1,0,1,0,0
1730,1,0,0,0,1,44,16,0,0,0,1,0,0,0,0,1,0,0,0,1,0,0,58,58,61,53,60,60,59.2641372680664,58,120,180,12,12,4,1,0,16.1923084259033,24.0300006866455,38,2.11538457870483,0,0,1,0,1,0,0,1,0
5037,1,0,0,0,1,43,14,0,0,0,0,0,1,0,0,1,0,0,1,0,0,0,50,49,50,50,53,54,50.5403099060059,72,160,220,14,16,2,1,0,23.0961532592773,7.78999996185303,37,15.0384616851807,0,1,0,0,1,0,0,0,1
1623,1,0,0,0,1,42,17,0,0,0,0,0,1,0,1,0,0,0,1,0,0,0,68,66,60,62,49,54,65.8070068359375,67,235,300,16,16,1,1,0,18.1923084259033,7.5,15,14.307692527771,0,0,0,1,1,0,0,1,0
5014,1,0,0,0,1,38,10,0,0,0,0,0,0,1,0,1,0,0,1,0,0,0,40,34,35,32,46,50,33.3652763366699,67,122,170,12,11,0,1,NA,8.15384578704834,9,40,0.365384608507156,0,0,1,0,0,0,0,0,1
2946,1,0,0,0,1,38,16,0,0,0,0,1,0,0,0,1,0,0,0,1,0,0,50,59,54,56,57,59,58.7188987731934,67,125,165,12,12,3,1,0,11.9807691574097,26.9200000762939,40,5.63461542129517,0,0,1,0,1,1,0,0,0
4103,1,0,0,0,1,43,12,0,0,0,0,0,1,0,0,0,1,0,1,0,0,0,48,47,55,53,57,55,51.630786895752,62,115,170,10,8,5,1,0,23.115385055542,16.5799999237061,40,5.5,0,1,0,0,1,0,0,0,1
5450,1,0,0,0,1,41,12,0,0,0,0,0,1,0,0,1,0,0,0,0,0,1,32,42,42,35,28,39,40.4533843994141,66,115,130,7,7,3,1,0,18.615385055542,11.5,20,4.53846168518066,0,0,1,0,0,0,0,0,1
2242,1,0,0,0,1,44,15,0,0,0,0,1,0,0,1,0,0,0,1,0,0,0,58,49,55,56,56,55,53.5391273498535,60,200,220,12,9,3,0,0,18.865385055542,19.4400005340576,45,1.28846156597137,0,1,0,0,0,0,0,0,1
5264,1,0,0,0,1,45,12,0,0,0,1,0,0,0,0,1,0,0,0,0,0,1,28,42,26,29,53,43,34.4557571411133,63,170,250,0,8,3,0,0,21.6538467407227,21.25,40,18.9230766296387,1,1,0,0,1,0,0,1,0
1394,1,0,0,0,1,42,15,0,0,0,0,1,0,0,0,1,0,0,0,0,0,1,52,54,54,62,58,58,57.62841796875,66,120,132,11,10,4,1,0,17.0961532592773,23,40,14.7307691574097,0,1,0,0,1,0,0,0,1
43,1,0,0,0,1,41,12,0,0,0,0,0,1,0,0,1,0,1,0,0,0,0,46,34,35,35,41,47,34.1831359863281,64,140,205,10,9,2,1,1,10.5961542129517,6.5,20,0.519230782985687,0,0,1,0,1,1,0,0,0
4585,1,0,0,0,1,40,10,0,0,0,0,0,0,0,0,0,1,0,1,0,0,0,54,64,51,50,60,57,58.9915161132812,64,145,190,14,10,2,1,0,12.5,12,33,5.5,0,0,1,0,1,0,0,1,0
2211,1,0,1,0,0,41,12,0,0,0,0,0,1,0,1,0,0,1,0,0,0,0,38,39,35,47,48,56,40.1807670593262,68,169,225,11,12,5,1,1,22.980770111084,10.789999961853,48,21.1538467407227,1,0,1,0,1,0,0,0,1
1775,1,0,0,1,0,38,13,0,0,0,0,0,1,0,0,1,0,0,0,1,0,0,38,45,43,44,57,32,44.815299987793,60,105,125,9,10,1,1,0,5.17307710647583,12.2700004577637,40,4.86538457870483,0,1,0,0,1,0,0,0,1
1071,1,0,1,0,0,40,12,0,0,0,0,0,1,0,0,1,0,0,0,1,0,0,34,38,26,47,32,44,37.1819496154785,62,160,179,10,10,3,1,0,8.86538505554199,6.75,20,6.75,0,0,1,0,1,0,0,0,1
1087,1,0,0,0,1,39,18,0,0,1,0,0,0,0,0,1,0,0,0,1,0,0,66,66,61,62,50,54,66.0796279907227,64,115,107,16,18,2,1,0,8.15384578704834,23.0699996948242,10,9.15384578704834,0,1,0,0,1,0,1,0,0
2103,1,0,0,0,1,45,13,0,0,0,0,0,1,0,0,1,0,0,0,1,0,0,56,43,54,56,54,56,49.9950714111328,64,131,113,10,10,8,1,0,23.4230766296387,12,36,22.1730766296387,1,1,0,0,0,0,1,0,0
11905,1,0,0,0,1,42,15,0,0,0,0,1,0,0,0,1,0,0,1,0,0,0,48,53,47,50,50,54,51.9034080505371,66,190,190,8,8,4,1,1,16.7115383148193,16.0200004577637,60,2.13461542129517,0,0,1,0,1,0,0,1,0
648,1,0,0,0,1,38,13,0,0,0,0,0,1,0,0,0,1,0,1,0,0,0,44,43,44,53,62,55,46.4510154724121,62,106,130,12,17,1,1,0,12.384614944458,10,40,0.115384615957737,0,0,1,0,1,0,1,0,0
3546,1,0,1,0,0,38,15,0,0,0,0,0,1,0,0,1,0,0,0,1,0,0,46,47,50,47,47,47,48.6319732666016,62,115,183,12,11,4,1,0,15.615385055542,20.8799991607666,58,2.07692313194275,0,0,1,0,1,0,1,0,0
1240,1,0,0,0,1,38,18,0,0,1,0,0,0,0,0,1,0,0,0,0,0,1,62,61,57,50,53,50,58.9915161132812,69,185,200,12,12,1,1,0,9.88461494445801,21.1499996185303,40,1.53846156597137,0,0,1,0,0,0,0,0,1
5488,1,0,0,0,1,44,11,0,0,0,0,0,0,1,0,0,1,0,0,0,0,1,40,39,38,35,53,45,37.7271919250488,60,117,138,6,13,3,1,0,14.7307691574097,5.40000009536743,35,4.0961537361145,0,0,1,0,0,0,0,0,1
2299,1,0,0,0,1,45,16,0,0,0,1,0,0,0,0,1,0,0,1,0,0,0,62,66,61,59,62,63,65.2617645263672,64,127,148,16,16,5,1,0,19.134614944458,16.1499996185303,50,22.269229888916,1,1,0,0,0,0,0,0,1
4034,1,0,0,0,1,42,12,0,0,0,0,0,1,0,0,1,0,0,1,0,0,0,50,53,50,62,62,62,55.9927024841309,65,121,145,12,12,5,1,0,23.4615383148193,15.3800001144409,40,23.115385055542,0,0,1,0,0,0,0,0,1
5301,1,0,0,0,1,39,12,0,0,0,0,0,1,0,0,1,0,0,1,0,0,0,62,51,61,62,54,65,57.9010391235352,60,100,126,12,12,2,1,0,17.4615383148193,19.6000003814697,32,15.7115383148193,0,0,1,0,1,0,0,0,1
5305,1,0,0,0,1,40,12,0,0,0,0,0,1,0,0,1,0,0,0,0,0,1,42,45,35,44,61,56,42.6343421936035,59,95,135,12,9,3,1,1,6.03846168518066,7.25,45,0.942307710647583,0,0,1,0,0,0,1,0,0
12099,1,0,0,0,1,37,18,0,0,0,1,0,0,0,0,1,0,0,0,1,0,0,58,54,59,47,46,49,54.9022216796875,68,145,158,14,18,1,1,NA,11.4807691574097,11,12,4.46153831481934,0,1,0,0,1,0,0,1,0
12087,1,0,0,0,1,45,13,0,0,0,0,1,0,0,0,1,0,0,1,0,0,0,48,38,44,50,44,50,42.9069633483887,65,125,180,9,12,2,0,1,17.269229888916,8.5,30,3.3461537361145,1,0,1,0,1,0,1,0,0
3544,1,0,1,0,0,39,12,0,0,0,0,0,1,0,0,0,1,0,1,0,0,0,28,34,31,41,46,32,34.7283744812012,64,150,255,11,11,13,1,0,6.11538457870483,7.84999990463257,12,0.0961538478732109,0,0,1,0,1,0,1,0,0
2074,1,0,0,0,1,40,12,0,0,0,0,0,1,0,0,0,1,0,0,1,0,0,50,53,57,56,61,66,56.2653198242188,68,135,150,12,10,5,1,0,22.019229888916,22,40,13.307692527771,0,0,1,0,0,0,1,0,0
2629,1,0,0,0,1,40,12,0,0,0,0,0,1,0,0,1,0,0,1,0,0,0,42,53,54,56,48,54,55.4474639892578,61,120,125,12,13,8,0,0,23.0961532592773,14.8999996185303,40,5.0961537361145,0,1,0,0,2,0,0,0,1
1826,1,0,0,0,1,41,12,0,0,0,0,0,1,0,0,1,0,0,1,0,0,0,50,49,57,56,61,59,54.0843658447266,67,130,200,12,8,5,1,1,23.230770111084,20.3400001525879,40,22.0961532592773,1,1,0,0,1,0,0,1,0
2748,1,0,0,0,1,45,12,0,0,0,0,0,1,0,0,1,0,0,1,0,0,0,34,36,34,26,27,47,32.5474166870117,66,136,138,7,11,2,0,0,22.7115383148193,17.7800006866455,40,23.980770111084,0,0,1,0,0,0,0,0,1
4686,1,0,0,0,1,43,17,0,0,0,1,0,0,0,1,0,0,1,0,0,0,0,54,64,55,59,62,68,62.535572052002,70,170,220,12,14,1,1,0,17.9038467407227,23.6499996185303,50,4.67307710647583,0,0,1,0,1,0,0,0,1
5041,1,0,0,1,0,41,12,0,0,0,0,0,1,0,0,1,0,0,0,1,0,0,40,36,38,47,51,57,39.362907409668,65,185,210,0,0,13,0,1,10.6730766296387,7.07999992370605,37,3.05769228935242,0,1,0,0,1,0,0,0,1
12005,1,0,1,0,0,40,15,0,0,0,0,0,1,0,1,0,0,0,1,0,0,0,42,39,55,47,53,50,45.6331596374512,62,150,170,10,8,2,1,1,16.634614944458,16,45,4.03846168518066,0,0,1,0,1,1,0,0,0
1296,1,0,0,0,1,40,12,0,0,0,0,0,1,0,0,1,0,0,1,0,0,0,44,38,41,56,62,58,43.7248191833496,60,141,130,7,7,0,0,0,18.6538467407227,5.30000019073486,40,0.0769230797886848,0,0,1,0,0,0,0,0,1
1423,1,0,0,0,1,44,12,0,0,0,0,0,1,0,0,1,0,1,0,0,0,0,60,49,57,56,54,51,54.0843658447266,64,165,220,10,10,3,1,0,14.634614944458,17.6800003051758,40,2.4038462638855,0,0,1,0,0,0,0,0,1
388,1,0,1,0,0,39,15,0,0,0,0,1,0,0,1,0,0,0,0,1,0,0,58,53,61,56,54,50,57.3558006286621,61,190,200,12,14,4,1,0,11.9038457870483,30,40,8.942307472229,0,0,1,0,1,1,0,0,0
1548,1,0,0,0,1,41,10,0,0,0,0,0,0,1,0,0,1,0,1,0,0,0,40,46,50,50,50,44,48.9045944213867,64,110,120,10,10,1,1,1,16.230770111084,7,50,1.36538457870483,0,0,1,0,1,0,0,1,0
2936,1,0,0,0,1,43,18,0,0,0,1,0,0,0,0,0,1,0,0,1,0,0,52,46,60,56,41,30,53.2665061950684,67,150,208,15,11,2,1,0,16.019229888916,24.1900005340576,35,1.19230771064758,1,1,0,0,1,1,0,0,0
3781,1,0,0,0,1,42,16,0,0,0,1,0,0,0,0,1,0,0,1,0,0,0,48,53,57,59,61,56,57.083179473877,66,125,160,20,12,2,1,0,18.2115383148193,27.3999996185303,40,3.96153855323792,0,0,1,0,1,0,1,0,0
2959,1,0,0,0,1,39,20,1,0,0,0,0,0,0,0,1,0,0,0,1,0,0,66,64,39,59,62,72,58.173656463623,65,115,125,14,18,2,1,0,13,80.120002746582,24,9.07692337036133,0,0,1,0,1,1,0,0,0
1546,1,0,0,0,1,42,12,0,0,0,0,0,1,0,0,1,0,0,1,0,0,0,34,34,47,53,51,53,42.3617248535156,64,108,120,10,12,3,1,1,15.384614944458,2.13000011444092,26,3.80769228935242,0,0,1,0,1,0,0,0,1
3734,1,0,0,0,1,40,15,0,0,0,0,0,0,0,0,1,0,0,0,1,0,0,58,51,56,59,62,62,55.7200813293457,65,132,150,12,12,2,1,0,15.384614944458,21,24,2.63461542129517,0,0,1,0,0,0,1,0,0
2246,1,0,0,0,1,42,13,0,0,0,0,0,1,0,1,0,0,0,1,0,0,0,50,53,60,56,35,46,57.083179473877,65,124,125,16,12,2,1,0,19.5576915740967,8.35000038146973,40,3.78846144676208,0,0,1,0,1,0,0,0,1
2585,1,0,0,0,1,42,13,0,0,0,0,0,1,0,1,0,0,0,1,0,0,0,48,47,55,53,53,57,51.630786895752,62,155,230,10,8,3,0,0,19.730770111084,14,40,6.192307472229,0,1,0,0,1,0,0,0,1
112,1,0,0,0,1,38,11,0,0,0,0,0,0,1,0,0,1,0,0,1,0,0,56,39,50,50,46,42,45.0879173278809,68,130,150,12,8,3,1,0,16.5384616851807,10.0500001907349,20,1.03846156597137,0,1,0,0,1,1,0,0,0
3151,1,0,0,0,1,40,12,0,0,0,0,0,1,0,0,0,1,0,0,1,0,0,42,39,48,50,62,60,44.5426788330078,64,145,150,8,12,3,1,0,14.8461542129517,15,20,1.48076927661896,0,0,1,0,1,1,0,0,0
1322,1,0,0,0,1,44,12,0,0,0,0,0,1,0,0,0,1,0,1,0,0,0,48,39,39,47,41,54,41.2712440490723,66,130,118,8,12,3,0,NA,5.6538462638855,5.15000009536743,24,0.115384615957737,0,0,1,0,1,0,0,0,1
5351,1,0,0,0,1,38,18,0,0,1,0,0,0,0,0,1,0,0,0,1,0,0,56,57,56,56,49,56,58.173656463623,65,115,128,12,12,3,1,0,13.192307472229,18.0200004577637,40,1.30769228935242,0,1,0,0,1,0,0,0,1
1929,1,0,0,0,1,44,14,0,0,0,0,0,1,0,1,0,0,1,0,0,0,0,64,66,61,59,62,57,65.2617645263672,66,150,138,12,12,1,1,0,22.3461532592773,29.5300006866455,42,10.1538457870483,0,0,1,0,0,1,0,0,0
3787,1,0,0,0,1,45,15,0,0,0,0,0,1,0,0,0,1,0,1,0,0,0,58,58,57,53,61,50,58.173656463623,64,107,150,12,12,0,1,0,11.5961542129517,6.28000020980835,40,2.96153855323792,1,1,0,0,1,0,1,0,0
2590,1,0,0,0,1,41,16,0,0,0,1,0,0,0,0,0,1,0,1,0,0,0,48,57,60,59,62,62,60.0819969177246,59,120,160,12,12,3,0,0,19.230770111084,19.2299995422363,40,1.19230771064758,0,0,1,0,1,0,0,0,1
1255,1,0,0,0,1,39,18,0,0,1,0,0,0,0,0,0,1,0,1,0,0,0,44,64,57,62,53,68,63.8986701965332,64,108,126,12,14,2,1,0,16.3461532592773,31.25,40,1.26923072338104,0,0,1,0,1,0,0,1,0
3648,1,0,0,0,1,41,12,0,0,0,0,0,1,0,0,0,1,0,1,0,0,0,48,47,46,56,51,59,49.9950714111328,63,140,198,11,10,2,1,0,5.57692289352417,5.84999990463257,40,1.67307686805725,0,0,1,0,0,0,1,0,0
5049,1,0,0,0,1,43,13,0,0,0,0,0,1,0,0,1,0,0,1,0,0,0,46,49,60,62,56,63,56.5379409790039,67,127,128,12,10,4,1,0,17.8461532592773,9,40,3.5961537361145,0,0,1,0,2,0,0,0,1
219,1,0,0,0,1,42,20,0,0,1,0,0,0,0,0,1,0,0,1,0,0,0,46,55,52,56,56,60,55.9927024841309,65,110,130,12,11,1,1,0,16.1538467407227,34.6100006103516,40,20.6730766296387,1,1,0,0,1,1,0,0,0
4306,1,0,0,0,1,45,18,0,0,1,0,0,0,0,0,1,0,0,1,0,0,0,54,57,60,62,62,63,60.8998527526855,64,120,122,17,19,1,1,0,14.115385055542,13.9499998092651,60,0.346153855323792,0,1,0,0,1,0,0,0,1
585,1,0,0,0,1,39,9,0,0,0,0,0,0,1,0,1,0,0,1,0,0,0,42,39,43,44,51,27,41.5438652038574,61,110,115,12,12,3,1,0,8.65384578704834,10.3999996185303,25,5.807692527771,0,0,1,0,1,0,1,0,0
2205,1,0,0,0,1,40,14,0,0,0,0,1,0,0,0,1,0,0,1,0,0,0,50,55,47,44,59,56,51.3581695556641,64,127,182,12,13,3,1,0,19.1730766296387,12,42,1.90384614467621,0,0,1,0,0,0,0,0,1
288,1,0,0,0,1,40,12,0,0,0,0,0,1,0,1,0,0,0,0,1,0,0,52,39,38,44,49,50,40.1807670593262,65,146,190,10,9,4,1,0,4.57692289352417,8.69999980926514,38,4.46153831481934,0,0,1,0,1,1,0,0,0
936,1,0,0,0,1,41,14,0,0,0,0,1,0,0,0,1,0,0,0,1,0,0,56,46,50,59,61,72,51.3581695556641,63,110,135,12,12,6,1,0,20.6538467407227,15.75,20,2.5961537361145,0,0,1,0,1,0,1,0,0
528,1,0,0,0,1,38,12,0,0,0,0,0,1,0,0,1,0,0,0,1,0,0,56,43,41,44,55,57,43.1795806884766,62,113,120,12,12,2,0,0,15.5769233703613,30.7600002288818,50,9.5,0,0,1,0,0,0,1,0,0
2076,1,0,0,0,1,45,12,0,0,0,0,0,1,0,0,0,1,0,0,0,0,1,46,51,52,47,53,57,51.3581695556641,62,125,145,10,10,8,1,0,20.365385055542,15.5,40,3.53846144676208,0,0,1,0,0,0,1,0,0
379,1,0,1,0,0,38,8,0,0,0,0,0,0,1,0,0,1,0,1,0,0,0,32,34,24,32,20,25,30.3664627075195,61,108,147,9,12,5,1,1,2.0961537361145,5,15,0.0384615398943424,0,0,1,0,1,1,0,0,0
1965,1,0,0,0,1,41,12,0,0,0,0,0,1,0,0,1,0,0,1,0,0,0,48,47,50,56,54,51,51.0855484008789,63,108,105,12,8,5,1,0,19.615385055542,10.0100002288818,40,0.903846144676208,0,1,0,0,0,0,0,0,1
4310,1,0,0,0,1,40,12,0,0,0,0,0,0,1,0,1,0,0,1,0,0,0,54,47,55,50,53,50,50.812931060791,65,116,148,12,14,3,1,1,20.365385055542,12.5,40,3.96153855323792,0,0,1,0,1,0,0,0,1
4890,1,0,0,0,1,44,13,0,0,0,0,0,0,0,0,0,1,0,0,1,0,0,52,50,50,56,62,56,52.7212677001953,63,116,130,16,12,3,1,0,21.865385055542,10,40,4.51923084259033,0,1,0,0,0,0,1,0,0
2626,1,0,0,0,1,40,20,0,0,0,0,0,0,0,0,1,0,0,1,0,0,0,58,54,57,53,61,57,55.9927024841309,65,150,198,12,12,3,0,0,16.6730766296387,18.7099990844727,15,2.61538457870483,1,1,0,0,1,1,0,0,0
2462,1,0,0,0,1,43,11,0,0,0,0,0,0,1,0,1,0,0,1,0,0,0,46,39,47,53,55,59,45.0879173278809,64,156,187,8,14,2,1,0,5.5961537361145,8,42,4.86538457870483,0,0,1,0,0,0,1,0,0
405,1,0,0,0,1,42,13,0,0,0,0,0,1,0,0,1,0,0,1,0,0,0,40,38,46,47,48,54,42.6343421936035,60,110,110,12,15,4,1,0,20.2115383148193,12.5,40,2.28846144676208,1,1,0,0,1,1,0,0,0
3545,1,0,1,0,0,39,14,0,0,0,0,0,1,0,0,0,1,0,0,1,0,0,46,39,50,50,51,50,45.0879173278809,66,155,165,12,11,4,1,0,13.192307472229,16.3400001525879,40,7,0,1,0,0,1,0,1,0,0
11953,1,0,0,0,1,42,12,0,0,0,0,0,1,0,0,1,0,0,1,0,0,0,50,42,47,50,49,59,45.9057769775391,69,250,281,7,8,4,0,0,23.0769233703613,8.5,40,0.480769217014313,0,1,0,0,1,0,0,0,1
1017,1,0,0,0,1,40,16,0,0,0,1,0,0,0,0,1,0,0,0,1,0,0,46,54,54,56,54,57,55.9927024841309,67,128,140,12,15,4,1,NA,13.1538457870483,19.7099990844727,40,4.0961537361145,0,0,1,0,1,0,1,0,0
4589,1,0,0,0,1,42,12,0,0,0,0,0,1,0,0,1,0,0,1,0,0,0,46,43,54,53,59,54,49.1772117614746,66,145,145,12,12,3,0,0,15.2307691574097,13.6599998474121,40,7.96153831481934,0,0,1,0,1,0,0,1,0
935,1,0,0,0,1,44,12,0,0,0,0,0,1,0,0,1,0,0,0,1,0,0,50,45,48,56,52,58,49.4498329162598,64,143,180,12,12,6,1,0,14.865385055542,9.46000003814697,25,4.6538462638855,1,1,0,0,0,0,1,0,0
1902,1,0,0,0,1,38,12,0,0,0,0,0,1,0,0,1,0,0,0,1,0,0,48,50,50,50,53,45,51.0855484008789,68,175,320,12,12,4,1,0,20.134614944458,16.8400001525879,40,18.8461532592773,0,0,1,0,0,1,0,0,0
5066,1,0,0,0,1,38,18,0,0,1,0,0,0,0,0,1,0,0,0,0,0,1,54,43,55,59,47,53,51.0855484008789,63,125,190,12,12,0,1,NA,15.0192308425903,6.15000009536743,40,9.82692337036133,0,1,0,0,0,0,0,0,1
1803,1,0,0,0,1,40,17,0,0,0,1,0,0,0,0,1,0,0,0,1,0,0,54,53,57,53,62,48,55.4474639892578,66,150,130,12,17,2,1,0,15.6538457870483,13.3699998855591,46,17.019229888916,1,1,0,0,1,0,0,1,0
89,1,0,1,0,0,43,16,0,0,0,1,0,0,0,0,1,0,0,0,0,0,1,56,58,60,62,55,56,61.4450912475586,67,130,195,12,12,8,1,0,20.8269233703613,23.0699996948242,40,2.55769228935242,0,0,1,0,1,1,0,0,0
3652,1,0,0,0,1,40,10,0,0,0,0,0,0,1,0,0,1,0,1,0,0,0,44,40,39,23,59,52,35.2736129760742,65,118,140,10,12,6,1,0,16.0961532592773,14.2200002670288,40,4.192307472229,0,0,1,0,1,0,1,0,0
2003,1,0,0,0,1,41,12,0,0,0,0,0,1,0,0,0,1,0,1,0,0,0,30,34,34,35,42,50,33.910514831543,67,160,205,12,12,6,0,0,15.1538457870483,8.31999969482422,40,0.961538434028625,0,0,1,0,1,0,1,0,0
3096,1,0,0,0,1,43,13,0,0,0,0,0,1,0,0,1,0,0,0,1,0,0,50,53,57,56,61,60,56.2653198242188,63,106,112,12,10,3,1,0,6.4038462638855,10,24,4.36538457870483,0,0,1,0,1,0,1,0,0
1065,1,0,0,0,1,43,12,0,0,0,0,0,1,0,0,1,0,0,1,0,0,0,48,54,56,59,62,59,57.3558006286621,65,125,140,12,12,3,1,0,13.192307472229,14.5,24,3.82692313194275,0,0,1,0,1,0,1,0,0
3355,1,0,0,0,1,42,14,0,0,0,0,1,0,0,0,0,1,0,1,0,0,0,56,58,56,53,62,72,57.9010391235352,65,132,152,11,14,2,1,0,13.615385055542,18.3700008392334,45,0.865384638309479,0,0,1,0,1,0,1,0,0
1082,1,0,0,0,1,39,16,0,0,0,1,0,0,0,0,1,0,0,1,0,0,0,54,59,56,44,54,53,55.9927024841309,63,135,180,16,16,3,1,0,17.0769233703613,14.4200000762939,40,3.21153855323792,0,0,1,0,1,0,0,0,1
3651,1,0,0,0,1,42,16,0,0,0,1,0,0,0,0,1,0,0,0,1,0,0,48,57,51,53,62,56,55.9927024841309,66,159,170,10,12,5,1,0,18.8076915740967,23.9300003051758,44,10.115385055542,0,0,1,0,0,0,1,0,0
1947,1,0,0,0,1,41,12,0,0,0,0,0,1,0,0,1,0,0,1,0,0,0,50,46,50,50,52,56,48.9045944213867,66,177,185,10,10,1,1,0,12.0192308425903,8.35000038146973,40,11.6730766296387,0,0,1,0,0,1,0,0,0
1233,1,0,0,0,1,42,14,0,0,0,0,1,0,0,0,1,0,0,1,0,0,0,50,42,54,53,41,32,48.6319732666016,68,145,120,12,12,3,1,0,18.5576915740967,17.0100002288818,52,3.78846144676208,0,0,1,0,1,0,0,0,1
1974,1,0,0,0,1,41,17,0,0,0,1,0,0,0,0,1,0,0,0,1,0,0,60,66,61,59,59,60,65.2617645263672,62,125,145,12,15,1,1,0,15.0961542129517,14.3199996948242,51,2.26923084259033,1,1,0,0,1,1,0,0,0
249,1,0,0,0,1,39,17,0,0,0,0,1,0,0,0,1,0,0,1,0,0,0,32,58,38,47,61,49,51.3581695556641,65,140,200,12,12,4,1,1,12.7692308425903,6.5,12,2.25,0,0,1,0,1,1,0,0,0
3964,1,0,0,0,1,44,16,0,0,0,1,0,0,0,0,1,0,0,1,0,0,0,52,58,59,59,59,63,60.3546142578125,63,116,150,11,6,2,1,0,16.1730766296387,13,20,2.13461542129517,0,1,0,0,1,0,0,0,1
4206,1,0,1,0,0,39,12,0,0,0,0,0,1,0,0,1,0,0,0,1,0,0,30,40,29,35,28,42,35.8188514709473,63,160,200,12,13,4,1,0,14.7115383148193,7.84999990463257,40,8.21153831481934,1,0,1,0,1,0,0,0,1
2690,1,0,0,1,0,40,12,0,0,0,0,0,1,0,0,1,0,0,0,1,0,0,40,43,42,50,53,55,45.0879173278809,60,121,130,5,4,1,0,1,17.6923084259033,12.75,40,0.307692319154739,0,0,1,0,1,0,0,0,1
1886,1,0,0,0,1,44,18,0,0,1,0,0,0,0,0,1,0,0,0,1,0,0,50,66,61,59,59,59,65.2617645263672,65,130,135,12,16,2,1,0,16.6730766296387,38.4599990844727,20,22.4423084259033,0,0,1,0,1,1,0,0,0
1502,1,0,0,0,1,38,16,0,0,0,1,0,0,0,0,1,0,0,0,1,0,0,60,65,57,59,62,59,63.626049041748,66,130,150,16,16,3,1,0,7.32692289352417,28,26,1.53846156597137,0,0,1,0,1,0,0,0,1
4780,1,0,0,0,1,42,12,0,0,0,0,0,1,0,0,0,1,0,0,1,0,0,46,43,44,53,62,57,46.4510154724121,66,155,175,12,12,2,1,0,20.1730766296387,12.8999996185303,40,5.0961537361145,0,0,1,0,0,0,1,0,0
4190,1,0,0,0,1,41,20,0,0,0,1,0,0,0,0,0,1,0,0,1,0,0,56,62,61,62,62,62,63.8986701965332,67,120,135,9,12,4,1,0,9.807692527771,24.1200008392334,55,5.03846168518066,0,0,1,0,1,0,0,1,0
2580,1,0,0,0,1,41,12,0,0,0,0,0,1,0,0,1,0,1,0,0,0,0,46,57,51,56,52,63,56.8105621337891,67,130,150,9,8,1,0,0,21.6730766296387,10.4300003051758,35,13.2692308425903,0,0,1,0,0,0,0,0,1
2570,1,0,0,0,1,40,16,0,0,0,1,0,0,0,0,1,0,0,1,0,0,0,64,62,57,50,56,59,59.5367546081543,67,170,230,12,12,1,1,0,17,16,25,2.3461537361145,0,0,1,0,1,0,1,0,0
3993,1,0,0,0,1,44,12,0,0,0,0,0,1,0,0,1,0,0,1,0,0,0,60,43,52,56,41,52,49.4498329162598,66,158,200,12,12,5,1,0,14.75,8,40,0.0384615398943424,0,0,1,0,1,0,0,0,1
5199,1,0,0,0,1,44,15,0,0,0,0,0,1,0,0,1,0,0,0,1,0,0,64,55,59,53,43,54,57.083179473877,62,120,131,16,18,5,1,0,15.134614944458,10,33,9.442307472229,0,1,0,0,0,1,0,0,0
2678,1,0,0,1,0,40,14,0,0,0,0,1,0,0,0,1,0,0,0,1,0,0,56,62,48,53,62,54,57.9010391235352,65,115,140,4,12,0,1,0,19.8269233703613,7.05999994277954,40,9.03846168518066,0,1,0,0,1,0,0,0,1
2934,1,0,0,0,1,40,7,0,0,0,0,0,0,1,0,1,0,0,0,1,0,0,32,42,29,26,40,28,34.4557571411133,48,110,145,7,4,3,1,NA,10.75,8,25,0.307692319154739,0,0,1,0,1,0,1,0,0
5298,1,0,0,0,1,38,12,0,0,0,0,0,1,0,0,1,0,0,0,1,0,0,48,49,47,47,41,42,48.9045944213867,66,165,225,11,10,5,1,0,13.865385055542,13.6700000762939,45,5.807692527771,0,0,1,0,0,0,1,0,0
5282,1,0,0,0,1,43,13,0,0,0,0,0,1,0,0,1,0,0,0,0,0,1,36,46,51,44,44,51,47.5414962768555,67,124,140,13,13,3,1,1,18.4038467407227,13.789999961853,40,1.11538457870483,0,0,1,0,0,0,1,0,0
591,1,0,0,1,0,38,14,0,0,0,0,0,1,0,0,0,1,0,0,1,0,0,52,61,56,62,47,54,61.9903335571289,63,115,122,12,16,2,1,0,18.25,16.4099998474121,41,1.48076927661896,0,1,0,0,1,0,1,0,0
4227,1,0,0,0,1,40,18,0,0,1,0,0,0,0,0,1,0,0,0,1,0,0,56,57,57,62,57,55,60.0819969177246,62,128,135,19,8,3,1,0,15.7115383148193,22.5200004577637,35,19.1730766296387,1,1,0,0,1,0,0,0,1
5386,1,0,0,0,1,41,16,0,0,0,1,0,0,0,1,0,0,0,0,1,0,0,40,61,56,53,62,58,59.5367546081543,66,185,180,14,12,3,0,0,19.25,120.190002441406,40,4.67307710647583,0,0,1,0,1,0,0,0,1
2310,1,0,1,0,0,38,13,0,0,0,0,0,1,0,0,1,0,0,0,0,0,1,34,45,37,41,48,39,42.3617248535156,67,154,210,6,6,5,0,1,18.5961532592773,16.3400001525879,40,14.4807691574097,0,0,1,0,1,0,0,0,1
3061,1,0,0,0,1,44,16,0,0,0,1,0,0,0,0,1,0,0,0,1,0,0,54,53,54,50,61,47,53.8117446899414,68,135,150,13,12,5,1,0,20.7115383148193,24.0300006866455,20,7.82692289352417,0,1,0,0,0,0,0,0,1
664,1,0,0,0,1,42,17,0,0,1,0,0,0,0,0,1,0,0,0,1,0,0,60,49,54,53,59,59,52.4486465454102,69,150,190,12,17,4,1,0,14.0384616851807,18.0799999237061,45,2.86538457870483,0,1,0,0,1,0,0,0,1
2210,1,0,1,0,0,38,12,0,0,0,0,0,1,0,0,1,0,0,0,0,0,1,34,38,35,44,58,52,38.8176689147949,62,145,195,12,12,3,1,0,16.9423084259033,12.1700000762939,40,13.365385055542,0,0,1,0,0,0,0,0,1
1276,1,0,0,0,1,38,16,0,0,0,1,0,0,0,0,0,1,0,1,0,0,0,52,54,57,62,61,58,58.4462776184082,64,120,158,12,16,3,1,0,15,16.3400001525879,40,0.615384638309479,0,0,1,0,1,0,0,0,1
1130,1,0,0,1,0,42,12,0,0,0,0,0,1,0,0,1,0,0,0,1,0,0,58,43,60,56,40,48,51.630786895752,62,135,149,8,9,3,1,0,14.5961542129517,18.9899997711182,40,2.11538457870483,0,0,1,0,1,0,0,0,1
4378,1,0,0,0,1,41,12,0,0,0,0,0,1,0,0,1,0,0,0,1,0,0,40,46,39,50,49,44,45.9057769775391,65,128,130,12,12,3,1,0,13.115385055542,53.25,13,7.78846168518066,0,0,0,1,0,0,0,1,0
1592,1,0,0,0,1,37,12,0,0,0,0,0,0,1,0,1,0,0,0,1,0,0,46,45,38,44,47,54,43.4522018432617,64,158,175,11,11,3,0,0,15.7115383148193,6.75,40,0.115384615957737,0,0,1,0,0,0,0,1,0
3248,1,0,0,0,1,39,12,0,0,0,0,0,1,0,0,1,0,0,0,0,0,1,60,54,52,53,53,54,54.6296043395996,66,120,140,12,12,2,1,1,20.0384616851807,18.1599998474121,40,21.5,0,1,0,0,0,1,0,0,0
1312,1,0,0,0,1,44,12,0,0,0,0,0,1,0,0,1,0,0,1,0,0,0,52,45,56,56,52,46,51.630786895752,63,160,220,10,7,3,1,0,11.4038457870483,8.42000007629395,40,10.5192308425903,0,0,1,0,1,0,0,0,1
1074,1,0,1,0,0,40,12,0,0,0,0,0,1,0,1,0,0,0,1,0,0,0,36,34,41,35,48,47,35.8188514709473,66,160,230,10,12,3,1,1,20.0384616851807,9.5,30,13,1,1,0,0,1,0,0,0,1
2591,1,0,0,0,1,39,12,0,0,0,0,0,1,0,0,1,0,0,1,0,0,0,38,53,52,50,62,62,53.2665061950684,63,105,125,12,12,3,0,0,18.6538467407227,8.93000030517578,43,2.11538457870483,0,0,1,0,0,0,0,0,1
5104,1,0,0,0,1,39,14,0,0,0,0,0,1,0,0,1,0,0,1,0,0,0,48,50,52,56,61,59,53.2665061950684,67,126,176,12,12,4,1,0,19.4230766296387,13.75,40,2.4038462638855,0,1,0,0,0,0,0,0,1
1238,1,0,0,0,1,44,13,0,0,0,0,1,0,0,0,1,0,0,0,0,0,1,58,53,60,50,44,45,55.4474639892578,67,205,255,12,12,7,1,0,4.88461542129517,8.75,40,0.0384615398943424,0,0,1,0,1,0,0,0,1
2294,1,0,0,0,1,38,16,0,0,0,1,0,0,0,0,1,0,0,1,0,0,0,52,50,50,56,47,45,52.7212677001953,60,115,140,12,12,2,1,0,9.807692527771,8.64999961853027,38,1.80769228935242,0,1,0,0,0,0,0,0,1
3626,1,0,0,0,1,43,16,0,0,0,1,0,0,0,0,0,1,0,0,1,0,0,56,47,57,56,61,52,52.9938850402832,64,160,195,13,12,2,1,0,20.1730766296387,16.0200004577637,40,7.86538457870483,1,1,0,0,2,0,1,0,0
3832,1,0,0,0,1,39,12,0,0,0,0,0,1,0,0,0,1,0,1,0,0,0,48,40,51,47,62,43,45.0879173278809,66,125,135,12,12,3,1,0,18.9615383148193,21.25,40,4.92307710647583,0,0,1,0,1,0,0,1,0
2061,1,0,0,0,1,40,16,0,0,0,1,0,0,0,0,1,0,0,0,1,0,0,58,65,55,59,62,62,63.080810546875,65,120,125,11,12,2,1,0,11.365385055542,55.2799987792969,40,15.3269233703613,1,1,0,0,0,0,0,1,0
11774,1,0,0,0,1,40,12,0,0,0,0,0,1,0,0,1,0,0,0,1,0,0,50,46,57,50,62,34,50.812931060791,68,165,258,13,12,1,1,NA,19.1923084259033,18.2600002288818,40,6.01923084259033,0,0,1,0,1,1,0,0,0
3337,1,0,0,0,1,40,18,0,0,1,0,0,0,0,0,1,0,0,0,0,0,1,52,64,57,59,61,56,63.080810546875,68,128,135,12,8,3,1,0,15.615385055542,31.0100002288818,38,3.48076915740967,1,1,0,0,0,0,1,0,0
4459,1,0,0,0,1,41,12,0,0,0,0,0,0,1,1,0,0,0,1,0,0,0,44,40,47,56,37,40,46.4510154724121,66,200,260,16,12,2,1,0,20.0576915740967,10,38,1.69230771064758,0,0,1,0,0,0,0,1,0
2818,1,0,0,0,1,38,14,0,0,0,0,0,1,0,0,1,0,0,1,0,0,0,44,58,52,56,49,46,57.62841796875,62,118,127,6,3,12,1,0,15.75,16.1000003814697,40,3.3461537361145,0,0,1,0,0,0,0,0,1
1327,1,0,0,0,1,40,12,0,0,0,0,0,1,0,0,1,0,0,1,0,0,0,46,47,57,53,55,62,52.1760292053223,64,123,180,12,11,3,1,0,21.730770111084,13.1700000762939,54,5.61538457870483,0,0,1,0,0,0,0,0,1
3322,1,0,1,0,0,43,13,0,0,0,0,1,0,0,0,0,1,0,1,0,0,0,38,47,37,35,33,29,41.8164825439453,64,110,120,12,12,3,1,1,18.519229888916,8.26000022888184,45,3.8461537361145,1,1,0,0,1,0,1,0,0
4826,1,0,0,0,1,41,18,0,0,1,0,0,0,0,0,1,0,0,0,1,0,0,52,53,57,56,62,66,56.2653198242188,67,118,125,12,12,2,1,0,15.2115383148193,25.0900001525879,42,8.90384578704834,1,1,0,0,1,0,1,0,0
1034,1,0,1,0,0,44,7,0,0,0,0,0,0,1,1,0,0,1,0,0,0,0,36,42,29,35,46,45,36.9093322753906,67,165,250,9,8,8,1,1,15.807692527771,10.5,40,15.8461542129517,0,0,1,0,1,0,1,0,0
2405,1,0,0,0,1,42,16,0,0,0,0,1,0,0,0,1,0,0,1,0,0,0,44,35,39,26,36,46,33.3652763366699,66,127,140,10,9,5,1,0,7.13461542129517,16.9500007629395,45,3.19230771064758,0,0,1,0,1,0,0,1,0
5308,1,0,0,0,1,40,13,0,0,0,0,0,1,0,0,1,0,0,0,0,0,1,46,35,39,32,52,54,35.0009956359863,66,175,205,5,12,2,1,1,10.7307691574097,8,35,6.38461542129517,0,0,1,0,0,0,1,0,0
5103,1,0,0,0,1,40,12,0,0,0,0,0,1,0,0,1,0,0,1,0,0,0,50,45,54,53,62,62,50.2676887512207,70,130,198,12,12,4,1,0,15.6730766296387,8.32999992370605,60,6.942307472229,0,0,1,0,0,0,0,0,1
12032,1,0,0,0,1,38,12,0,0,0,0,0,1,0,0,1,0,0,1,0,0,0,38,39,35,38,32,39,37.7271919250488,64,140,140,11,11,3,1,0,9.84615421295166,9.82999992370605,40,7.36538457870483,0,0,1,0,1,0,0,0,1
3846,1,0,0,0,1,38,12,0,0,0,0,0,1,0,0,1,0,0,1,0,0,0,46,53,50,53,62,65,53.5391273498535,64,114,140,12,12,4,1,0,20.5384616851807,24.3899993896484,41,6.192307472229,0,1,0,0,0,0,1,0,0
2295,1,0,0,0,1,43,15,0,0,0,0,1,0,0,0,0,1,0,1,0,0,0,46,40,43,62,55,57,46.9962539672852,64,145,160,12,12,5,1,0,18.5384616851807,11.1199998855591,40,4.25,0,0,1,0,1,0,0,0,1
3406,1,0,0,0,1,38,17,0,0,0,1,0,0,0,1,0,0,0,1,0,0,0,58,51,59,59,50,47,56.5379409790039,62,125,200,12,16,2,1,0,16.0961532592773,11.8699998855591,51,15.865385055542,0,0,1,0,0,0,1,0,0
4413,1,0,0,1,0,38,16,0,0,0,0,0,1,0,1,0,0,0,0,1,0,0,42,36,39,38,43,48,37.1819496154785,65,126,175,12,8,5,1,0,13.865385055542,15.7299995422363,55,9.65384578704834,1,1,0,0,1,0,0,1,0
2434,1,0,0,0,1,44,12,0,0,0,0,0,1,0,0,0,1,0,0,1,0,0,46,57,59,56,62,62,58.9915161132812,68,150,175,12,12,6,1,0,16.5384616851807,15,40,9.86538505554199,0,0,1,0,0,0,1,0,0
2016,1,0,0,0,1,41,17,0,0,0,0,0,0,0,0,1,0,0,1,0,0,0,52,55,51,62,55,45,57.3558006286621,63,115,134,14,16,4,1,0,10.307692527771,20.6299991607666,41,1.96153843402863,1,1,0,0,1,0,1,0,0
855,1,0,0,0,1,43,12,0,0,0,0,0,1,0,0,1,0,0,0,1,0,0,48,57,55,56,62,72,57.9010391235352,64,100,120,12,16,6,1,0,23.25,7.75,20,2.75,0,0,1,0,0,0,1,0,0
3576,1,0,0,0,1,42,12,0,0,0,0,0,1,0,0,1,0,0,0,1,0,0,52,46,59,56,55,65,52.9938850402832,66,120,155,12,12,4,1,0,7.557692527771,6,16,0.269230782985687,0,0,1,0,0,0,1,0,0
952,1,0,0,0,1,38,12,0,0,0,0,0,1,0,0,1,0,0,1,0,0,0,54,58,41,53,61,59,53.8117446899414,63,112,140,12,12,3,1,0,18.4423084259033,23,20,3.61538457870483,0,0,1,0,1,0,1,0,0
4849,1,0,0,0,1,38,12,0,0,0,0,0,1,0,0,0,1,0,1,0,0,0,44,46,54,44,48,37,48.3593521118164,69,138,160,12,10,3,1,0,14.1538457870483,6.88000011444092,45,3.69230771064758,0,0,1,0,0,0,1,0,0
21,1,0,0,0,1,40,16,0,0,0,1,0,0,0,0,1,0,0,0,1,0,0,48,65,59,56,62,61,63.3534317016602,62,138,160,12,18,2,1,0,18.0384616851807,38.4599990844727,45,2.01923084259033,0,0,1,0,1,1,0,0,0
5195,1,0,0,0,1,40,12,0,0,0,0,0,1,0,0,0,1,0,1,0,0,0,42,54,52,56,44,56,55.4474639892578,66,160,158,12,12,1,1,0,16.3269233703613,13.5600004196167,40,4.76923084259033,0,0,1,0,1,0,0,1,0
953,1,0,0,0,1,43,12,0,0,0,0,0,1,0,0,0,1,0,0,1,0,0,56,59,56,59,53,57,60.0819969177246,62,108,121,9,12,4,1,NA,19.1923084259033,9.5,40,2.78846144676208,0,0,1,0,1,0,1,0,0
849,1,0,0,0,1,42,12,0,0,0,0,0,1,0,1,0,0,0,1,0,0,0,40,46,47,44,51,40,46.4510154724121,62,160,197,12,8,4,0,0,19.9423084259033,11.8999996185303,42,8.98076915740967,0,0,1,0,1,0,1,0,0
244,1,0,0,0,1,45,12,0,0,0,0,0,1,0,0,1,0,0,1,0,0,0,62,58,60,59,53,57,60.6272354125977,62,155,230,16,7,4,1,0,18.0576915740967,7,15,4.61538457870483,1,1,0,0,0,1,0,0,0
5372,1,0,0,0,1,43,16,0,0,0,1,0,0,0,0,1,0,0,1,0,0,0,56,65,61,56,52,59,63.8986701965332,69,130,140,16,16,3,1,0,14.6730766296387,7.69000005722046,25,4.5,0,1,0,0,1,0,1,0,0
2740,1,0,0,0,1,38,16,0,0,0,1,0,0,0,0,1,0,0,1,0,0,0,44,46,50,56,51,51,50.5403099060059,63,160,200,11,12,3,1,1,15.9615383148193,41.8600006103516,40,10.9807691574097,0,1,0,0,0,0,0,0,1
3107,1,0,0,0,1,38,15,0,0,0,0,0,1,0,0,1,0,0,1,0,0,0,46,49,48,50,42,50,49.9950714111328,68,132,175,12,12,2,1,0,17.269229888916,11.0500001907349,40,13.6538457870483,0,0,1,0,1,1,0,0,0
1616,1,0,0,0,1,44,14,0,0,0,0,1,0,0,0,1,0,0,1,0,0,0,54,62,59,59,62,65,62.535572052002,62,110,140,16,14,4,1,0,15.0961542129517,19.75,44,4.9038462638855,0,1,0,0,1,0,0,1,0
3809,1,0,0,0,1,40,16,0,0,0,1,0,0,0,0,1,0,1,0,0,0,0,60,64,59,59,52,59,63.626049041748,68,132,140,16,18,1,1,0,18.980770111084,25.75,56,19.5,0,0,1,0,1,0,1,0,0
5280,1,0,0,0,1,39,12,0,0,0,0,0,1,0,0,1,0,0,0,0,0,1,44,39,34,47,41,47,39.908145904541,67,135,165,7,8,5,1,1,14.7307691574097,12.25,45,11.865385055542,0,0,1,0,0,0,1,0,0
1141,1,0,0,0,1,43,12,0,0,0,0,0,1,0,0,0,1,0,1,0,0,0,38,34,51,50,57,54,42.6343421936035,64,150,160,12,15,2,1,0,20.0576915740967,11,40,1.01923072338104,0,0,1,0,2,0,0,0,1
2775,1,0,0,0,1,42,12,0,0,0,0,0,0,0,0,1,0,0,1,0,0,0,56,57,57,56,59,37,58.4462776184082,64,122,180,5,8,5,0,0,17.480770111084,14.5,40,1.21153843402863,0,1,0,0,0,0,0,0,1
1495,1,0,0,0,1,44,12,0,0,0,0,0,1,0,0,1,0,0,0,0,0,1,44,40,47,50,50,49,44.815299987793,60,135,150,9,5,3,0,0,20.865385055542,8.30000019073486,37,0.230769231915474,0,0,1,0,1,0,0,0,1
5055,1,0,0,0,1,40,14,0,0,0,0,1,0,0,1,0,0,0,1,0,0,0,48,45,47,56,54,65,49.1772117614746,62,118,120,12,13,2,1,1,19.3076915740967,10.4799995422363,55,1.51923072338104,0,0,1,0,1,0,0,0,1
896,1,0,0,0,1,40,16,0,0,0,1,0,0,0,0,1,0,0,0,1,0,0,60,66,60,59,62,65,64.9891510009766,64,145,135,16,17,3,1,0,15.9807691574097,8.97000026702881,15,3.78846144676208,0,1,0,0,1,0,1,0,0
5148,1,0,0,0,1,44,12,0,0,0,0,0,1,0,0,1,0,0,0,1,0,0,38,43,48,53,44,54,47.5414962768555,64,130,120,12,9,3,1,1,11.5961542129517,18.75,32,2.5,0,0,1,0,1,0,0,1,0
4600,1,0,0,0,1,38,12,0,0,0,0,0,1,0,0,1,0,0,0,1,0,0,42,50,54,56,62,38,53.8117446899414,67,115,140,12,12,2,1,0,17.6538467407227,20,32,13.5,1,1,0,0,1,0,0,1,0
810,1,0,0,0,1,42,16,0,0,0,1,0,0,0,0,1,0,0,0,1,0,0,52,59,60,62,62,68,61.9903335571289,60,105,125,12,12,4,1,0,19.519229888916,36.2400016784668,52,4.07692289352417,0,0,1,0,1,0,0,0,1
5128,1,0,0,0,1,40,11,0,0,0,0,0,0,1,0,0,1,0,0,0,0,1,62,49,57,56,51,54,54.0843658447266,67,160,180,11,10,1,1,0,17.4038467407227,11.5,45,4.442307472229,0,0,1,0,1,0,0,1,0
2230,1,0,0,0,1,37,16,0,0,0,1,0,0,0,0,1,0,0,1,0,0,0,56,57,56,56,62,55,58.173656463623,65,150,170,12,12,2,1,0,16.480770111084,21.7800006866455,32,21.9038467407227,0,0,1,0,0,0,0,0,1
3457,1,0,0,0,1,39,14,0,0,0,0,1,0,0,0,0,1,0,0,1,0,0,40,42,39,35,50,36,39.6355285644531,63,105,115,14,12,4,1,0,17.634614944458,13.8000001907349,38,17.269229888916,1,0,1,0,1,0,1,0,0
2424,1,0,0,0,1,39,12,0,0,0,0,0,1,0,0,1,0,0,1,0,0,0,54,55,54,59,49,48,57.3558006286621,69,180,250,12,9,5,1,0,16.0576915740967,10.1700000762939,40,9.28846168518066,0,0,1,0,0,0,1,0,0
401,1,0,0,0,1,41,12,0,0,0,0,0,1,0,0,1,0,0,1,0,0,0,52,42,43,50,46,46,44.815299987793,59,110,135,11,11,3,0,0,15.9038457870483,6.80999994277954,33,4.71153831481934,0,1,0,0,1,1,0,0,0
834,1,0,1,0,0,42,12,0,0,0,0,0,1,0,0,0,1,0,1,0,0,0,32,35,35,50,53,52,38.8176689147949,62,167,187,12,12,8,1,NA,12.2692308425903,9.36999988555908,40,4.0961537361145,0,1,0,0,1,0,1,0,0
2286,1,0,0,0,1,38,16,0,0,0,1,0,0,0,0,1,0,0,1,0,0,0,56,61,56,59,62,56,61.1724739074707,64,100,112,16,14,2,1,0,16.019229888916,23.25,40,2.03846144676208,0,0,1,0,1,1,0,0,0
3897,1,0,0,0,1,41,17,0,0,0,1,0,0,0,0,0,1,0,0,1,0,0,42,47,51,53,61,68,50.5403099060059,67,150,137,15,16,3,1,0,17.5576915740967,48.0699996948242,40,8.807692527771,0,0,1,0,1,0,1,0,0
4769,1,0,0,0,1,42,12,0,0,0,0,0,1,0,0,0,1,0,1,0,0,0,46,53,52,47,58,57,52.4486465454102,67,168,150,12,10,3,1,0,18.9423084259033,11.5,32,1.5,0,0,1,0,0,0,1,0,0
2275,1,0,0,0,1,37,12,0,0,0,0,0,1,0,0,1,0,0,1,0,0,0,46,42,46,41,51,50,43.1795806884766,63,110,145,12,12,1,1,0,17.4423084259033,9.25,40,5.32692289352417,0,0,1,0,0,0,0,0,1
704,1,0,0,0,1,44,13,0,0,0,0,1,0,0,0,1,0,0,0,1,0,0,54,51,51,53,48,50,52.7212677001953,72,165,200,12,14,4,1,0,22.134614944458,23,40,24.6538467407227,1,0,1,0,0,0,1,0,0
4872,1,0,0,0,1,39,17,0,0,0,1,0,0,0,1,0,0,0,0,1,0,0,38,39,39,44,50,43,40.4533843994141,66,135,184,12,13,2,1,0,10.2307691574097,21.9099998474121,43,11.8461542129517,0,1,0,0,0,0,1,0,0
1223,1,0,1,0,0,38,13,0,0,0,0,0,1,0,1,0,0,1,0,0,0,0,32,36,26,23,40,25,29.5486030578613,69,160,153,11,9,4,0,1,16.0576915740967,6.75,40,3.71153855323792,0,0,1,0,1,0,0,0,1
1427,1,0,0,0,1,38,14,0,0,0,0,0,1,0,1,0,0,0,0,1,0,0,56,59,56,53,62,58,58.4462776184082,65,115,133,16,20,2,1,0,14.9230766296387,38.2599983215332,40,1.92307686805725,0,1,0,0,1,0,0,0,1
11878,1,0,0,0,1,38,12,0,0,0,0,0,1,0,0,0,1,0,0,0,0,1,46,36,47,50,51,47,42.6343421936035,62,150,165,9,12,5,1,1,6.1538462638855,9.25,50,1.55769228935242,1,0,1,0,1,0,1,0,0
12042,1,0,0,0,1,39,12,0,0,0,0,0,1,0,0,1,0,0,0,0,0,1,28,39,31,26,46,57,33.3652763366699,67,130,174,12,14,3,1,0,20.9038467407227,13,20,4.9038462638855,0,0,1,0,1,0,0,0,1
2049,1,0,0,0,1,40,16,0,0,0,0,0,1,0,0,1,0,0,0,1,0,0,58,65,54,56,57,39,61.9903335571289,70,150,165,12,8,5,1,0,18.0769233703613,16.1800003051758,38,4.807692527771,0,0,1,0,0,0,1,0,0
743,1,0,0,0,1,42,18,0,0,1,0,0,0,0,0,1,0,0,0,0,0,1,64,59,55,59,62,57,59.8093757629395,68,140,140,14,20,1,1,0,7.88461542129517,12,24,0.25,0,0,1,0,0,0,1,0,0
5115,1,0,0,0,1,43,12,0,0,0,0,0,1,0,0,1,0,0,0,0,0,1,42,46,51,62,43,41,52.4486465454102,68,168,200,6,7,3,1,0,21.269229888916,10.5,45,4.5961537361145,0,1,0,0,1,0,0,0,1
655,1,0,0,0,1,42,16,0,0,0,1,0,0,0,0,1,0,0,0,1,0,0,56,43,54,50,61,59,48.3593521118164,63,128,140,12,14,6,1,0,14.25,23.0699996948242,30,1.34615385532379,0,0,1,0,1,0,1,0,0
5427,1,0,0,0,1,42,13,0,0,0,0,0,1,0,0,1,0,0,0,1,0,0,56,50,50,50,59,56,51.0855484008789,64,182,250,12,8,4,0,0,22.9038467407227,13.75,40,15.134614944458,0,1,0,0,0,0,1,0,0
4376,1,0,0,0,1,45,14,0,0,0,0,0,1,0,0,1,0,0,1,0,0,0,60,54,57,56,44,52,56.8105621337891,68,178,245,12,11,2,1,0,19.9038467407227,18,40,10.884614944458,0,1,0,0,1,0,0,1,0
2243,1,0,0,0,1,40,16,0,0,0,1,0,0,0,0,1,0,0,1,0,0,0,52,58,57,53,57,65,58.173656463623,67,135,140,12,8,4,0,0,19.769229888916,15,30,12.0961542129517,0,0,1,0,1,0,0,0,1
4045,1,0,0,0,1,40,16,0,0,0,1,0,0,0,0,0,1,0,0,1,0,0,48,50,39,47,51,46,47.2688751220703,66,128,145,9,11,4,0,0,12.2692308425903,15,40,2.55769228935242,0,0,1,0,0,0,0,0,1
1519,1,0,1,0,0,41,12,0,0,0,0,0,1,0,0,0,1,0,1,0,0,0,56,46,48,59,31,31,50.812931060791,65,135,160,7,7,5,1,0,16.5961532592773,17.5,40,10.115385055542,0,0,1,0,1,0,0,0,1
11752,1,0,1,0,0,44,12,0,0,0,0,0,1,0,0,1,0,0,0,1,0,0,40,36,37,50,53,60,39.908145904541,61,150,153,12,12,4,1,NA,18.2884616851807,9.46000003814697,40,5.67307710647583,0,0,1,0,1,0,0,0,1
862,1,0,0,0,1,43,11,0,0,0,0,0,0,1,0,1,0,0,1,0,0,0,42,55,55,50,41,50,55.1748428344727,62,120,140,9,12,1,0,0,15.4230766296387,21.6299991607666,40,1.26923072338104,0,0,1,0,1,0,1,0,0
12036,1,0,0,0,1,44,15,0,0,0,0,0,1,0,0,0,1,0,1,0,0,0,60,58,61,56,61,57,60.0819969177246,64,130,159,10,16,2,1,0,22.634614944458,13.7399997711182,40,3.3461537361145,0,0,1,0,0,0,0,0,1
2942,1,0,1,0,0,37,13,0,0,0,0,0,1,0,1,0,0,1,0,0,0,0,30,34,37,41,40,43,36.3640937805176,60,128,140,12,12,2,1,1,13.8269233703613,14.9700002670288,14,15.1730766296387,1,0,1,0,1,1,0,0,0
4968,1,0,0,0,1,38,14,0,0,0,0,1,0,0,1,0,0,0,1,0,0,0,66,59,61,56,47,54,60.6272354125977,67,202,250,12,12,3,1,0,18.019229888916,23,40,17.0769233703613,0,1,0,0,0,0,0,0,1
2394,1,0,0,0,1,44,12,0,0,0,0,0,1,0,0,0,1,0,0,0,0,1,50,59,60,62,62,72,61.9903335571289,72,160,150,12,12,4,1,0,4.442307472229,14.5,45,0.5,0,0,1,0,1,0,0,1,0
3242,1,0,0,0,1,40,12,0,0,0,0,1,0,0,0,1,0,0,1,0,0,0,42,50,55,53,59,56,53.2665061950684,63,119,140,12,14,2,1,0,18.865385055542,14.75,17,11.9615383148193,0,0,1,0,0,1,0,0,0
1655,1,0,0,0,1,45,14,0,0,0,0,0,1,0,0,1,0,0,1,0,0,0,46,51,48,56,62,69,52.7212677001953,64,130,140,12,12,4,1,0,18.4038467407227,15.75,20,5.5,0,0,1,0,1,0,0,1,0
1490,1,0,1,0,0,39,12,0,0,0,0,0,1,0,0,0,1,0,1,0,0,0,44,35,38,38,51,40,36.3640937805176,61,137,172,10,11,3,0,0,17.3461532592773,13.4200000762939,42,3.73076915740967,1,1,0,0,0,0,0,0,1
5387,1,0,0,0,1,40,16,0,0,0,0,0,1,0,0,1,0,0,1,0,0,0,56,55,54,56,62,50,56.5379409790039,68,145,178,12,8,6,1,0,12.7115383148193,30,35,0.557692289352417,0,0,1,0,1,0,1,0,0
1551,1,0,0,0,1,44,12,0,0,0,0,0,1,0,0,1,0,0,1,0,0,0,52,38,54,50,49,56,45.6331596374512,67,155,180,9,10,1,0,0,21.884614944458,9.5,40,2.5961537361145,0,0,1,0,1,0,0,1,0
5614,1,0,1,0,0,37,12,0,0,0,0,0,1,0,0,1,0,0,1,0,0,0,40,34,41,41,32,37,37.4545707702637,60,125,175,12,12,7,0,1,14.942307472229,9.75,40,0.807692289352417,0,0,1,0,1,0,0,0,1
682,1,0,1,0,0,39,12,0,0,0,0,0,1,0,1,0,0,0,1,0,0,0,44,38,46,50,51,50,43.4522018432617,68,140,190,9,8,12,1,1,7.307692527771,9.5,40,7.73076915740967,0,1,0,0,1,0,1,0,0
1564,1,0,0,0,1,42,14,0,0,0,1,0,0,0,0,1,0,0,0,0,0,1,58,58,60,62,52,56,61.4450912475586,67,125,155,13,14,2,1,0,19.2884616851807,17.2999992370605,40,5.32692289352417,0,0,1,0,1,0,0,1,0
4373,1,0,0,0,1,38,12,0,0,0,0,0,1,0,0,1,0,0,1,0,0,0,36,40,44,53,43,50,44.815299987793,62,124,125,12,20,2,0,0,21.230770111084,27.5200004577637,51,10.4615383148193,0,0,1,0,1,0,0,1,0
1444,1,0,0,1,0,40,13,0,0,0,0,0,1,0,1,0,0,0,0,1,0,0,48,46,43,62,53,58,50.2676887512207,62,130,190,10,11,2,1,0,18.0769233703613,3.88000011444092,45,1.13461542129517,0,0,1,0,1,0,0,0,1
1056,1,0,0,0,1,42,12,0,0,0,0,0,1,0,0,0,1,0,0,0,0,1,48,34,38,50,44,54,39.0902862548828,62,97,95,11,12,2,1,0,18.8076915740967,11.1300001144409,40,6.307692527771,1,0,1,0,1,0,1,0,0
